,Date,Open,High,Low,Close,Adj Close,Volume
0,Jan 31 2022,13.20,13.20,12.90,13.05,13.05,7582
1,Jan 28 2022,13.20,13.20,12.95,13.05,13.05,5303
2,Jan 27 2022,13.05,13.20,12.95,13.05,13.05,5538
3,Jan 26 2022,13.25,13.25,12.95,13.05,13.05,6805
4,Jan 25 2022,13.25,13.25,13.05,13.05,13.05,1968
5,Jan 24 2022,13.05,13.25,12.80,13.05,13.05,4949
6,Jan 21 2022,13.20,13.20,12.90,13.15,13.15,1374
7,Jan 20 2022,13.25,13.25,12.95,13.15,13.15,915
8,Jan 19 2022,13.15,13.25,12.95,13.25,13.25,9522
9,Jan 18 2022,13.10,13.15,12.85,13.15,13.15,16265
10,Jan 17 2022,13.20,13.20,12.95,13.05,13.05,12703
11,Jan 14 2022,13.25,13.25,12.90,13.05,13.05,16823
12,Jan 13 2022,13.30,13.30,13.10,13.15,13.15,9242
13,Jan 12 2022,13.35,13.35,13.10,13.20,13.20,6786
14,Jan 11 2022,13.30,13.30,13.20,13.20,13.20,2532
15,Jan 10 2022,13.15,13.30,13.15,13.30,13.30,683
16,Jan 07 2022,13.25,13.35,13.15,13.15,13.15,3059
17,Jan 06 2022,13.30,13.30,13.10,13.15,13.15,4074
18,Jan 05 2022,13.30,13.30,13.15,13.25,13.25,2362
19,Jan 04 2022,13.35,13.35,13.10,13.20,13.20,5024
20,Jan 03 2022,13.35,13.35,13.25,13.30,13.30,2203
21,Dec 31 2021,13.35,13.40,13.35,13.35,13.35,1340
22,Dec 30 2021,13.35,13.35,13.20,13.35,13.35,3932
23,Dec 29 2021,13.10,13.30,13.10,13.30,13.30,2357
24,Dec 28 2021,13.05,13.25,13.05,13.10,13.10,4236
25,Dec 27 2021,13.10,13.25,13.05,13.05,13.05,1818
26,Dec 24 2021,13.30,13.30,12.95,13.10,13.10,5346
27,Dec 23 2021,13.20,13.25,13.10,13.25,13.25,2553
28,Dec 22 2021,13.30,13.30,13.10,13.15,13.15,5122
29,Dec 21 2021,13.40,13.40,13.20,13.30,13.30,867
30,Dec 20 2021,13.40,13.40,13.20,13.40,13.40,1093
31,Dec 17 2021,13.50,13.50,13.20,13.40,13.40,4770
32,Dec 16 2021,13.30,13.55,13.30,13.35,13.35,1255
33,Dec 15 2021,13.40,13.40,13.20,13.20,13.20,1828
34,Dec 14 2021,13.40,13.45,13.30,13.30,13.30,950
35,Dec 13 2021,13.45,13.45,13.30,13.40,13.40,526
36,Dec 10 2021,13.45,13.45,13.30,13.45,13.45,1015
37,Dec 09 2021,13.45,13.45,13.30,13.45,13.45,826
38,Dec 08 2021,13.50,13.50,13.25,13.25,13.25,2014
39,Dec 07 2021,13.50,13.50,13.25,13.50,13.50,1608
40,Dec 06 2021,13.45,13.50,13.40,13.50,13.50,345
41,Dec 03 2021,13.45,13.45,13.20,13.35,13.35,7356
42,Dec 02 2021,13.55,13.55,13.20,13.25,13.25,4501
43,Dec 01 2021,13.45,13.50,13.20,13.50,13.50,3478
44,Nov 30 2021,13.35,13.40,13.25,13.40,13.40,468
45,Nov 29 2021,13.60,13.60,13.40,13.40,13.40,830
46,Nov 26 2021,13.80,13.85,13.40,13.50,13.50,765
47,Nov 25 2021,13.60,13.90,13.60,13.65,13.65,1713
48,Nov 24 2021,13.65,13.75,13.65,13.65,13.65,768
49,Nov 23 2021,13.50,13.70,13.40,13.65,13.65,3360
50,Nov 22 2021,13.30,13.50,13.30,13.50,13.50,2504
51,Nov 19 2021,13.45,13.50,13.30,13.30,13.30,1369
52,Nov 18 2021,13.50,13.50,13.35,13.45,13.45,3375
53,Nov 17 2021,13.35,13.50,13.35,13.50,13.50,3084
54,Nov 16 2021,13.40,13.50,13.20,13.40,13.40,4084
55,Nov 15 2021,13.60,13.60,13.45,13.45,13.45,1412
56,Nov 12 2021,13.60,13.60,13.40,13.55,13.55,342
57,Nov 11 2021,13.40,13.60,13.40,13.60,13.60,448
58,Nov 10 2021,13.55,13.65,13.40,13.45,13.45,2778
59,Nov 09 2021,13.50,13.55,13.40,13.55,13.55,556
60,Nov 08 2021,13.40,13.50,13.30,13.50,13.50,1810
61,Nov 05 2021,13.35,13.55,13.35,13.50,13.50,830
62,Nov 04 2021,13.60,13.70,13.50,13.50,13.50,182
63,Nov 03 2021,13.35,13.70,13.35,13.35,13.35,4921
64,Nov 02 2021,13.45,13.45,13.30,13.45,13.45,1180
65,Nov 01 2021,13.55,13.55,13.20,13.40,13.40,6405
66,Oct 29 2021,13.45,13.55,13.25,13.55,13.55,3814
67,Oct 28 2021,13.50,13.65,13.25,13.30,13.30,6014
68,Oct 27 2021,13.55,13.55,13.25,13.40,13.40,3685
69,Oct 26 2021,13.50,13.65,13.20,13.40,13.40,8599
70,Oct 25 2021,13.45,13.55,13.20,13.40,13.40,7385
71,Oct 22 2021,13.50,13.70,13.30,13.45,13.45,6837
72,Oct 21 2021,13.65,13.70,13.50,13.60,13.60,5092
73,Oct 20 2021,13.65,13.65,13.45,13.60,13.60,1027
74,Oct 19 2021,13.55,13.65,13.55,13.60,13.60,2417
75,Oct 18 2021,13.45,13.70,13.45,13.60,13.60,3094
76,Oct 15 2021,13.30,13.45,13.30,13.45,13.45,1250
77,Oct 14 2021,13.40,13.45,13.20,13.25,13.25,1227
78,Oct 13 2021,13.40,13.50,13.25,13.25,13.25,3439
79,Oct 12 2021,13.40,13.45,13.20,13.40,13.40,4067
80,Oct 11 2021,13.45,13.45,13.20,13.35,13.35,3359
81,Oct 08 2021,13.50,13.50,13.35,13.50,13.50,472
82,Oct 07 2021,13.40,13.50,13.20,13.45,13.45,3499
83,Oct 06 2021,13.25,13.45,13.00,13.45,13.45,6439
84,Oct 05 2021,13.25,13.50,13.10,13.40,13.40,8667
85,Oct 04 2021,13.70,13.70,13.20,13.40,13.40,3327
86,Oct 01 2021,13.50,13.65,13.40,13.50,13.50,469
87,Sep 30 2021,13.50,13.60,13.30,13.60,13.60,3096
88,Sep 29 2021,13.20,13.60,13.15,13.15,13.15,4784
89,Sep 28 2021,13.25,13.65,13.25,13.30,13.30,4826
90,Sep 27 2021,13.25,13.30,13.10,13.25,13.25,10506
91,Sep 24 2021,13.25,13.25,13.15,13.15,13.15,313
92,Sep 23 2021,13.15,13.25,13.10,13.25,13.25,686
93,Sep 22 2021,13.20,13.35,13.10,13.25,13.25,5206
94,Sep 21 2021,13.25,13.25,12.95,13.20,13.20,7251
95,Sep 20 2021,13.10,13.30,13.05,13.25,13.25,641
96,Sep 17 2021,13.30,13.35,13.05,13.30,13.30,8375
97,Sep 16 2021,13.20,13.35,13.05,13.30,13.30,5362
98,Sep 15 2021,13.20,13.20,13.00,13.20,13.20,3709
99,Sep 14 2021,13.20,13.35,12.95,13.00,13.00,4705
100,Sep 13 2021,13.15,13.30,12.95,13.10,13.10,1792
101,Sep 10 2021,13.30,13.30,13.25,13.25,13.25,1067
102,Sep 09 2021,13.05,13.30,13.05,13.30,13.30,1327
103,Sep 08 2021,12.90,13.25,12.90,13.15,13.15,711
104,Sep 07 2021,13.05,13.10,12.85,12.90,12.90,2482
105,Sep 06 2021,12.95,13.10,12.75,12.90,12.90,6290
106,Sep 03 2021,13.25,13.25,13.10,13.15,9.14,360
107,Sep 02 2021,13.15,13.30,13.15,13.15,9.14,569
108,Sep 01 2021,13.25,13.25,13.15,13.20,6.39,925
109,Aug 31 2021,13.20,13.40,13.15,13.15,6.36,3219
110,Aug 30 2021,13.20,13.30,13.10,13.10,6.34,234
111,Aug 27 2021,13.30,13.35,13.15,13.25,6.41,5044
112,Aug 26 2021,13.25,13.30,13.15,13.30,6.44,1517
113,Aug 25 2021,13.30,13.30,13.15,13.15,6.36,1695
114,Aug 24 2021,13.35,13.35,13.15,13.30,6.44,3330
115,Aug 23 2021,13.10,13.35,13.10,13.35,6.46,1821
116,Aug 20 2021,13.25,13.25,13.20,13.25,6.41,392
117,Aug 19 2021,13.15,13.50,13.10,13.20,6.39,3000
118,Aug 18 2021,13.30,13.45,13.20,13.20,6.39,3110
119,Aug 17 2021,13.05,13.30,13.05,13.30,6.44,2272
120,Aug 16 2021,13.30,13.30,13.05,13.10,6.34,2620
121,Aug 13 2021,13.10,13.25,13.10,13.20,6.39,1543
122,Aug 12 2021,13.30,13.30,13.10,13.15,6.36,852
123,Aug 11 2021,13.05,13.20,13.05,13.10,6.34,2165
124,Aug 10 2021,12.95,13.05,12.95,13.05,6.31,316
125,Aug 09 2021,12.95,13.05,12.95,13.05,6.31,772
126,Aug 06 2021,12.95,12.95,12.90,12.95,6.27,173
127,Aug 05 2021,13.00,13.00,12.90,12.90,6.24,115
128,Aug 04 2021,12.95,13.00,12.90,12.90,6.24,1210
129,Aug 03 2021,12.85,13.00,12.80,12.95,6.27,470
130,Aug 02 2021,12.95,13.00,12.85,12.85,6.22,368
131,Jul 30 2021,12.95,12.95,12.95,12.95,6.27,60
132,Jul 29 2021,12.90,12.90,12.85,12.85,6.22,404
133,Jul 28 2021,12.85,12.90,12.80,12.90,6.24,483
134,Jul 27 2021,12.85,12.85,12.80,12.80,6.19,583
135,Jul 26 2021,12.85,12.85,12.75,12.85,6.22,804
136,Jul 23 2021,12.90,12.90,12.75,12.75,6.17,1985
137,Jul 22 2021,12.95,12.95,12.75,12.75,6.17,275
138,Jul 21 2021,12.90,12.95,12.90,12.90,6.24,26
139,Jul 20 2021,12.90,12.90,12.85,12.85,6.22,42
140,Jul 19 2021,12.90,12.90,12.90,12.90,6.24,229
141,Jul 16 2021,12.90,12.90,12.80,12.85,6.22,562
142,Jul 15 2021,12.90,12.90,12.75,12.80,6.19,950
143,Jul 14 2021,13.00,13.00,12.90,12.90,6.24,311
144,Jul 13 2021,12.90,12.95,12.90,12.95,6.27,149
145,Jul 12 2021,12.95,13.00,12.90,12.90,6.24,2069
146,Jul 09 2021,12.95,12.95,12.85,12.95,6.27,893
147,Jul 08 2021,12.95,12.95,12.85,12.85,6.22,581
148,Jul 07 2021,12.80,12.90,12.75,12.85,6.22,603
149,Jul 06 2021,12.90,12.90,12.80,12.80,6.19,1215
150,Jul 05 2021,12.90,13.00,12.90,13.00,6.29,468
151,Jul 02 2021,13.05,13.05,12.80,12.80,6.19,3053
152,Jul 01 2021,13.10,13.10,12.90,13.00,6.29,563
153,Jun 30 2021,13.00,13.00,13.00,13.00,6.29,423
154,Jun 29 2021,12.90,12.95,12.90,12.90,6.24,1020
155,Jun 28 2021,13.10,13.10,12.95,13.05,6.31,39
156,Jun 25 2021,13.10,13.10,12.90,13.05,6.31,706
157,Jun 24 2021,13.10,13.10,13.00,13.00,6.29,1135
158,Jun 23 2021,13.10,13.10,12.85,13.10,6.34,829
159,Jun 22 2021,13.10,13.10,12.90,12.90,6.24,257
160,Jun 21 2021,13.00,13.05,12.90,13.00,6.29,1313
161,Jun 18 2021,13.00,13.10,12.90,13.00,6.29,1951
162,Jun 17 2021,13.00,13.00,12.90,13.00,6.29,752
163,Jun 16 2021,13.00,13.00,12.90,12.90,6.24,560
164,Jun 15 2021,13.00,13.05,12.90,12.95,6.27,2080
165,Jun 14 2021,13.10,13.10,12.90,12.90,6.24,170
166,Jun 11 2021,12.90,13.05,12.90,13.05,6.31,618
167,Jun 10 2021,12.95,13.00,12.85,12.85,6.22,568
168,Jun 09 2021,13.05,13.05,12.90,13.05,6.31,312
169,Jun 08 2021,13.05,13.05,12.90,13.00,6.29,372
170,Jun 07 2021,13.05,13.10,12.85,12.95,6.27,3329
171,Jun 04 2021,13.10,13.20,12.95,12.95,6.27,4049
172,Jun 03 2021,12.85,13.05,12.85,13.00,6.29,1101
173,Jun 02 2021,13.00,13.00,12.95,12.95,6.27,504
174,Jun 01 2021,12.95,13.00,12.75,13.00,6.29,6367
175,May 31 2021,13.20,13.20,12.85,13.00,6.29,3963
176,May 28 2021,13.00,13.10,12.90,13.00,6.29,1712
177,May 27 2021,13.00,13.05,12.90,12.95,6.27,2630
178,May 26 2021,12.90,13.00,12.90,12.90,6.24,552
179,May 25 2021,13.00,13.05,12.90,13.05,6.31,625
180,May 24 2021,12.95,13.10,12.85,13.00,6.29,4086
181,May 21 2021,12.90,13.00,12.90,12.95,6.27,1057
182,May 20 2021,13.10,13.10,12.95,12.95,6.27,1715
183,May 19 2021,12.90,13.20,12.85,13.00,6.29,1543
184,May 18 2021,13.00,13.25,12.95,12.95,6.27,1490
185,May 17 2021,12.85,13.30,12.85,13.00,6.29,5009
186,May 14 2021,13.05,13.05,12.70,12.95,6.27,7743
187,May 13 2021,13.00,13.05,12.90,12.90,6.24,797
188,May 12 2021,12.90,13.05,12.70,12.85,6.22,5655
189,May 11 2021,13.10,13.10,12.80,12.95,6.27,4017
190,May 10 2021,12.90,13.10,12.90,13.00,6.29,2632
191,May 07 2021,13.20,13.20,12.80,12.95,6.27,8211
192,May 06 2021,13.00,13.10,13.00,13.10,6.34,1293
193,May 05 2021,13.10,13.10,12.90,13.10,6.34,4333
194,May 04 2021,13.10,13.30,12.95,13.10,6.34,2372
195,May 03 2021,12.90,13.10,12.85,12.95,6.27,4397
196,Apr 30 2021,12.85,13.10,12.85,12.95,6.27,421
197,Apr 29 2021,12.95,13.10,12.90,12.90,6.24,3737
198,Apr 28 2021,13.00,13.00,12.75,12.95,6.27,1348
199,Apr 27 2021,13.00,13.00,12.75,12.95,6.27,4107
200,Apr 26 2021,13.10,13.10,12.95,13.00,6.29,2317
201,Apr 23 2021,13.10,13.10,12.90,13.00,6.29,4473
202,Apr 22 2021,13.10,13.10,12.90,13.00,6.29,2033
203,Apr 21 2021,13.00,13.10,12.95,13.00,6.29,2792
204,Apr 20 2021,13.00,13.10,12.90,13.05,6.31,5371
205,Apr 19 2021,13.10,13.15,12.90,13.00,6.29,751
206,Apr 16 2021,13.10,13.10,12.90,13.10,6.34,1312
207,Apr 15 2021,13.10,13.15,12.90,13.10,6.34,1988
208,Apr 14 2021,13.10,13.20,13.00,13.00,6.29,2766
209,Apr 13 2021,13.10,13.10,13.00,13.00,6.29,325
210,Apr 12 2021,13.00,13.10,13.00,13.00,6.29,2082
211,Apr 09 2021,13.10,13.10,12.80,13.00,6.29,790
212,Apr 08 2021,13.10,13.10,12.65,13.00,6.29,3566
213,Apr 07 2021,13.10,13.10,13.00,13.00,6.29,368
214,Apr 06 2021,13.05,13.10,12.95,13.05,6.31,4510
215,Apr 01 2021,13.30,13.30,12.80,13.05,6.31,5210
216,Mar 31 2021,13.10,13.20,13.00,13.00,6.29,2488
217,Mar 30 2021,13.00,13.00,12.90,13.00,6.29,1316
218,Mar 29 2021,13.00,13.00,12.80,12.90,6.24,1022
219,Mar 26 2021,12.80,13.00,12.80,12.90,6.24,3656
220,Mar 25 2021,12.80,13.00,12.80,13.00,6.29,1025
221,Mar 24 2021,13.00,13.10,12.60,12.90,6.24,5042
222,Mar 23 2021,13.00,13.10,12.80,12.90,6.24,3071
223,Mar 22 2021,13.00,13.00,12.80,13.00,6.29,2391
224,Mar 19 2021,13.00,13.20,12.90,13.00,6.29,3311
225,Mar 18 2021,13.00,13.00,12.80,13.00,6.29,2477
226,Mar 17 2021,13.20,13.20,13.00,13.00,6.29,2529
227,Mar 16 2021,12.60,13.10,12.60,12.90,6.24,2933
228,Mar 15 2021,13.00,13.10,12.60,12.80,6.19,7562
229,Mar 12 2021,12.80,13.00,12.40,12.90,6.24,6738
230,Mar 11 2021,13.00,13.00,12.70,12.70,6.15,3521
231,Mar 10 2021,12.80,13.00,12.80,12.80,6.19,3142
232,Mar 09 2021,13.00,13.10,12.80,12.80,6.19,5069
233,Mar 08 2021,12.90,13.00,12.70,12.80,6.19,4633
234,Mar 05 2021,13.10,13.10,12.80,12.80,6.19,1498
235,Mar 04 2021,12.90,13.00,12.80,12.90,6.24,2453
236,Mar 03 2021,12.80,13.10,12.80,12.80,6.19,4286
237,Mar 02 2021,12.90,13.10,12.80,12.90,6.24,3806
238,Mar 01 2021,12.70,13.30,12.70,12.90,6.24,4695
239,Feb 26 2021,12.70,12.90,12.70,12.70,6.15,1307
240,Feb 25 2021,12.60,12.80,12.60,12.60,6.10,4664
241,Feb 24 2021,12.80,12.80,12.60,12.60,6.10,480
242,Feb 23 2021,12.90,13.00,12.80,12.80,6.19,1294
243,Feb 22 2021,13.20,13.30,13.00,13.00,6.29,1350
244,Feb 19 2021,13.50,13.70,12.90,13.20,6.39,14298
245,Feb 18 2021,13.50,13.70,13.50,13.50,6.53,4741
246,Feb 17 2021,13.50,13.50,13.50,13.50,6.53,5095
247,Feb 16 2021,13.50,13.50,13.50,13.50,6.53,2250
248,Feb 15 2021,13.50,13.50,13.40,13.40,6.48,2332
249,Feb 12 2021,13.90,13.90,13.40,13.60,6.58,9237
250,Feb 11 2021,13.60,13.90,13.50,13.90,6.73,1093
251,Feb 10 2021,14.00,14.00,13.80,13.80,6.68,963
252,Feb 09 2021,13.60,13.80,13.60,13.70,6.63,3672
253,Feb 08 2021,14.00,14.40,13.60,13.60,6.58,12858
254,Feb 05 2021,13.90,13.90,13.50,13.60,6.58,1920
255,Feb 04 2021,13.70,14.10,13.50,13.70,6.63,4801
256,Feb 03 2021,13.70,13.70,13.30,13.70,6.63,1326
257,Feb 02 2021,13.40,13.70,13.10,13.50,6.53,7607
258,Feb 01 2021,13.60,13.80,13.30,13.40,6.48,9474
259,Jan 29 2021,13.30,13.70,13.20,13.60,6.58,6151
260,Jan 28 2021,13.80,13.80,13.10,13.50,6.53,6384
261,Jan 27 2021,13.40,13.60,13.30,13.60,6.58,8806
262,Jan 26 2021,13.40,13.80,13.20,13.40,6.48,9266
263,Jan 25 2021,13.50,13.50,13.00,13.40,6.48,5340
264,Jan 22 2021,13.50,13.50,13.10,13.30,6.44,1993
265,Jan 21 2021,13.50,13.50,13.20,13.30,6.44,1313
266,Jan 20 2021,13.40,13.40,13.30,13.30,6.44,761
267,Jan 19 2021,13.50,13.50,13.20,13.30,6.44,3454
268,Jan 18 2021,13.20,13.20,13.10,13.10,6.34,2262
269,Jan 15 2021,13.20,13.50,13.00,13.20,6.39,8123
270,Jan 14 2021,13.60,13.60,13.20,13.30,6.44,5572
271,Jan 13 2021,13.40,13.40,13.40,13.40,6.48,60
272,Jan 12 2021,13.50,13.60,13.20,13.40,6.48,2281
273,Jan 11 2021,13.20,13.30,13.20,13.30,6.44,1641
274,Jan 08 2021,13.00,13.30,13.00,13.00,6.29,3282
275,Jan 07 2021,13.00,13.10,12.90,13.10,6.34,5066
276,Jan 06 2021,13.10,13.40,12.60,13.10,6.34,6616
277,Jan 05 2021,13.40,13.40,13.00,13.00,6.29,2487
278,Jan 04 2021,13.20,13.30,13.10,13.10,6.34,2818
279,Dec 31 2020,13.40,13.40,13.00,13.10,6.34,1615
280,Dec 30 2020,13.40,13.40,13.20,13.20,6.39,2842
281,Dec 29 2020,13.30,13.30,13.00,13.20,6.39,3224
282,Dec 28 2020,13.50,13.80,13.20,13.20,6.39,4610
283,Dec 24 2020,13.40,13.40,13.10,13.40,6.48,853
284,Dec 23 2020,13.30,13.30,13.30,13.30,6.44,550
285,Dec 22 2020,13.30,13.30,13.10,13.30,6.44,695
286,Dec 21 2020,13.50,13.50,13.10,13.20,6.39,4886
287,Dec 18 2020,13.50,13.50,13.30,13.40,6.48,1309
288,Dec 17 2020,13.50,13.50,13.50,13.50,6.53,848
289,Dec 16 2020,13.20,13.40,13.20,13.40,6.48,909
290,Dec 15 2020,13.50,13.50,13.50,13.50,6.53,149
291,Dec 14 2020,13.60,13.60,13.20,13.30,6.44,4520
292,Dec 11 2020,13.30,13.50,13.30,13.50,6.53,1220
293,Dec 10 2020,13.30,13.60,13.20,13.20,6.39,2705
294,Dec 09 2020,13.50,13.60,13.00,13.30,6.44,7177
295,Dec 08 2020,13.20,13.50,13.10,13.50,6.53,2126
296,Dec 07 2020,13.30,13.60,13.30,13.30,6.44,1107
297,Dec 04 2020,13.40,13.70,13.20,13.20,6.39,621
298,Dec 03 2020,13.50,13.50,13.10,13.30,6.44,7755
299,Dec 02 2020,13.40,13.50,13.10,13.10,6.34,1862
300,Dec 01 2020,13.60,13.90,13.30,13.40,6.48,5121
301,Nov 30 2020,13.30,13.60,13.20,13.50,6.53,4531
302,Nov 27 2020,13.50,13.50,13.10,13.30,6.44,5188
303,Nov 26 2020,13.30,13.40,13.30,13.30,6.44,3210
304,Nov 25 2020,13.40,13.50,13.20,13.30,6.44,678
305,Nov 24 2020,13.30,13.80,12.90,13.40,6.48,5059
306,Nov 23 2020,12.90,13.30,12.90,13.30,6.44,8234
307,Nov 20 2020,13.30,13.30,13.00,13.10,6.34,704
308,Nov 19 2020,12.80,13.40,12.80,13.00,6.29,6948
309,Nov 18 2020,13.00,13.00,12.80,13.00,6.29,2862
310,Nov 17 2020,13.10,13.10,12.90,13.00,6.29,5984
311,Nov 16 2020,12.90,12.90,12.70,12.80,6.19,2113
312,Nov 13 2020,12.90,13.00,12.80,12.80,6.19,3302
313,Nov 12 2020,12.70,13.10,12.60,12.80,6.19,8937
314,Nov 11 2020,12.90,12.90,12.80,12.90,6.24,3081
315,Nov 10 2020,12.90,13.10,12.80,12.90,6.24,4510
316,Nov 09 2020,12.90,13.10,12.60,12.90,6.24,1508
317,Nov 06 2020,12.90,12.90,12.90,12.90,6.24,962
318,Nov 05 2020,12.90,12.90,12.90,12.90,6.24,1500
319,Nov 04 2020,13.00,13.00,12.80,12.90,6.24,2633
320,Nov 03 2020,12.90,13.00,12.70,12.90,6.24,2497
321,Nov 02 2020,12.90,12.90,12.50,12.90,6.24,6516
322,Oct 30 2020,12.90,12.90,12.80,12.80,6.19,2816
323,Oct 29 2020,12.90,13.00,12.80,12.90,6.24,4085
324,Oct 28 2020,12.90,13.00,12.90,13.00,6.29,2980
325,Oct 27 2020,12.90,12.90,12.70,12.90,6.24,510
326,Oct 26 2020,13.00,13.00,12.90,12.90,6.24,550
327,Oct 23 2020,12.80,12.90,12.80,12.80,6.19,1326
328,Oct 22 2020,12.90,12.90,12.80,12.80,6.19,1622
329,Oct 21 2020,12.90,12.90,12.80,12.80,6.19,1841
330,Oct 20 2020,12.90,12.90,12.80,12.80,6.19,2837
331,Oct 19 2020,12.70,12.80,12.70,12.80,6.19,1127
332,Oct 16 2020,12.60,12.70,12.60,12.70,6.15,2607
333,Oct 15 2020,12.90,12.90,12.70,12.70,6.15,1166
334,Oct 14 2020,12.90,12.90,12.50,12.80,6.19,3413
335,Oct 13 2020,12.70,12.90,12.40,12.70,6.15,1038
336,Oct 12 2020,12.90,12.90,12.60,12.60,6.10,1969
337,Oct 09 2020,12.70,13.30,12.60,12.60,6.10,4963
338,Oct 08 2020,12.60,12.90,12.60,12.60,6.10,4906
339,Oct 07 2020,12.60,12.90,12.60,12.80,6.19,2000
340,Oct 06 2020,12.90,12.90,12.60,12.70,6.15,4319
341,Oct 05 2020,12.80,12.80,12.60,12.70,6.15,2616
342,Oct 02 2020,12.60,12.90,12.60,12.70,6.15,2362
343,Oct 01 2020,12.60,12.90,12.60,12.60,6.10,4102
344,Sep 30 2020,12.60,12.90,12.60,12.60,6.10,4919
345,Sep 29 2020,12.60,12.90,12.60,12.60,6.10,5560
346,Sep 28 2020,12.60,12.90,12.60,12.60,6.10,2232
347,Sep 25 2020,12.90,12.90,12.60,12.70,6.15,4875
348,Sep 24 2020,12.60,12.90,12.60,12.90,6.24,4691
349,Sep 23 2020,12.80,12.90,12.60,12.80,6.19,2601
350,Sep 22 2020,12.60,12.70,12.60,12.70,6.15,778
351,Sep 21 2020,12.60,12.80,12.40,12.60,6.10,4170
352,Sep 18 2020,12.70,12.80,12.70,12.70,6.15,1785
353,Sep 17 2020,12.70,12.90,12.50,12.70,6.15,6394
354,Sep 16 2020,12.90,13.10,12.60,12.70,6.15,10605
355,Sep 15 2020,12.60,13.00,12.60,12.90,6.24,2592
356,Sep 14 2020,12.60,12.90,12.60,12.70,6.15,2193
357,Sep 11 2020,12.60,12.80,12.50,12.70,6.15,5801
358,Sep 10 2020,12.80,12.90,12.60,12.80,6.19,6608
359,Sep 09 2020,12.80,12.80,12.50,12.80,6.19,5231
360,Sep 08 2020,12.60,12.90,12.60,12.70,6.15,1878
361,Sep 07 2020,12.80,13.00,12.50,12.90,6.24,5850
362,Sep 04 2020,13.00,13.00,12.50,12.60,6.10,3899
363,Sep 03 2020,12.70,12.80,12.60,12.70,6.15,8248
364,Sep 02 2020,12.80,12.90,12.60,12.80,6.19,4983
365,Sep 01 2020,12.70,12.70,12.60,12.60,6.10,809
366,Aug 31 2020,12.40,12.70,12.30,12.60,6.10,1724
367,Aug 28 2020,12.70,12.70,12.40,12.50,6.05,2474
368,Aug 27 2020,12.60,12.80,12.30,12.40,6.00,2434
369,Aug 26 2020,12.40,12.60,12.40,12.60,6.10,1540
370,Aug 25 2020,12.50,12.90,12.40,12.60,6.10,1733
371,Aug 24 2020,12.60,12.80,12.20,12.40,6.00,2913
372,Aug 21 2020,12.40,12.50,12.40,12.40,6.00,2198
373,Aug 20 2020,12.40,12.40,12.40,12.40,6.00,1269
374,Aug 19 2020,12.40,12.60,12.30,12.40,6.00,2079
375,Aug 18 2020,12.40,12.60,12.40,12.40,6.00,4303
376,Aug 17 2020,12.50,12.50,12.40,12.40,6.00,2525
377,Aug 14 2020,12.40,12.50,12.40,12.50,6.05,1446
378,Aug 13 2020,12.50,12.50,12.40,12.40,6.00,3067
379,Aug 12 2020,12.50,12.50,12.30,12.40,6.00,1752
380,Aug 11 2020,12.40,12.60,12.40,12.40,6.00,1523
381,Aug 10 2020,11.80,12.40,11.80,12.40,6.00,6415
382,Aug 07 2020,11.80,12.10,11.80,11.80,5.71,3334
383,Aug 06 2020,12.00,12.00,11.80,11.90,5.76,1524
384,Aug 05 2020,11.80,12.00,11.80,12.00,5.81,362
385,Aug 04 2020,12.00,12.00,11.70,11.80,5.71,4434
386,Aug 03 2020,12.40,12.40,12.00,12.00,5.81,635
387,Jul 31 2020,12.70,12.70,12.20,12.30,3.27,3917
388,Jul 30 2020,12.60,12.60,12.30,12.60,3.35,1781
389,Jul 29 2020,13.00,13.00,12.50,12.50,3.32,3499
390,Jul 28 2020,13.00,13.00,12.70,12.70,3.38,5129
391,Jul 27 2020,12.80,13.00,12.60,12.60,1.88,6389
392,Jul 24 2020,12.70,13.20,12.70,12.80,1.91,4227
393,Jul 23 2020,13.00,13.00,12.70,12.90,1.92,4681
394,Jul 22 2020,12.80,12.80,12.60,12.70,1.89,7773
395,Jul 21 2020,12.90,13.00,12.60,12.90,1.92,13312
396,Jul 20 2020,12.80,12.90,12.60,12.90,1.92,6175
397,Jul 17 2020,13.10,13.10,12.70,12.90,1.92,5184
398,Jul 16 2020,13.00,13.00,12.70,12.80,1.91,2713
399,Jul 15 2020,12.70,13.00,12.70,12.90,1.92,4097
400,Jul 14 2020,12.90,12.90,12.60,12.80,1.91,5333
401,Jul 13 2020,12.70,12.80,12.60,12.80,1.91,7491
402,Jul 10 2020,12.80,12.90,12.70,12.80,1.91,4620
403,Jul 09 2020,12.60,12.80,12.60,12.70,1.89,1848
404,Jul 08 2020,12.80,12.80,12.70,12.70,1.89,1656
405,Jul 07 2020,12.80,12.90,12.80,12.90,1.92,4134
406,Jul 06 2020,12.80,12.90,12.80,12.80,1.91,1582
407,Jul 03 2020,12.70,13.00,12.70,12.80,1.91,2670
408,Jul 02 2020,12.80,13.00,12.80,12.90,1.92,1477
409,Jul 01 2020,12.90,12.90,12.70,12.90,1.92,5734
410,Jun 30 2020,12.50,12.90,12.50,12.70,1.89,5774
411,Jun 29 2020,12.90,12.90,12.70,12.80,1.91,4175
412,Jun 26 2020,12.70,12.80,12.60,12.80,1.91,1364
413,Jun 25 2020,12.70,12.80,12.70,12.70,1.89,4239
414,Jun 24 2020,13.10,13.10,12.80,12.80,1.91,4971
415,Jun 23 2020,13.20,13.20,12.80,12.90,1.92,1196
416,Jun 22 2020,12.80,13.00,12.70,12.90,1.92,2155
417,Jun 19 2020,12.90,12.90,12.70,12.80,1.91,5186
418,Jun 18 2020,12.90,13.00,12.70,12.90,1.92,3950
419,Jun 17 2020,12.30,13.00,12.30,12.60,1.88,1902
420,Jun 16 2020,12.40,12.60,12.00,12.00,1.79,2770
421,Jun 15 2020,12.20,12.50,12.10,12.20,1.82,4795
422,Jun 12 2020,12.30,12.50,12.30,12.30,1.83,3647
423,Jun 11 2020,12.20,12.50,12.20,12.30,1.83,618
424,Jun 10 2020,12.40,12.50,12.20,12.20,1.82,4344
425,Jun 09 2020,12.30,12.50,12.20,12.20,1.82,891
426,Jun 08 2020,12.40,12.40,12.30,12.30,1.83,543
427,Jun 05 2020,12.50,12.50,12.20,12.30,1.83,1732
428,Jun 04 2020,12.20,12.40,12.20,12.40,1.85,943
429,Jun 03 2020,12.10,12.50,12.10,12.30,1.83,4183
430,Jun 02 2020,12.30,12.60,12.10,12.30,1.83,4864
431,Jun 01 2020,13.20,13.20,12.40,12.50,1.86,1878
432,May 29 2020,12.80,12.90,12.60,12.60,1.88,801
433,May 28 2020,13.00,13.40,12.60,12.60,1.88,3407
434,May 27 2020,12.70,13.00,12.50,12.80,1.91,6474
435,May 26 2020,12.70,12.70,12.70,12.70,1.89,400
436,May 25 2020,12.40,12.60,12.40,12.40,1.85,160
437,May 22 2020,12.40,12.60,12.40,12.50,1.86,4043
438,May 21 2020,12.60,12.70,12.30,12.60,1.88,1495
439,May 20 2020,12.10,12.50,12.10,12.50,1.86,1632
440,May 19 2020,12.50,12.70,12.30,12.30,1.83,249
441,May 18 2020,12.30,12.40,12.30,12.30,1.83,1066
442,May 15 2020,12.20,12.40,12.00,12.00,1.79,1351
443,May 14 2020,12.40,12.50,12.10,12.10,1.80,4110
444,May 13 2020,12.10,12.20,12.00,12.20,1.82,4235
445,May 12 2020,12.20,12.40,12.20,12.20,1.82,3192
446,May 11 2020,12.40,12.40,12.00,12.30,1.83,4300
447,May 08 2020,12.40,12.60,12.00,12.30,1.83,6959
448,May 07 2020,12.40,12.40,12.00,12.40,1.85,4292
449,May 06 2020,11.90,12.40,11.90,12.40,1.85,3454
450,May 05 2020,12.00,12.30,12.00,12.20,1.82,3494
451,May 04 2020,12.00,12.00,11.70,12.00,1.79,3214
452,Apr 30 2020,11.80,11.90,11.70,11.80,1.76,3232
453,Apr 29 2020,11.70,12.20,11.70,11.90,1.77,3055
454,Apr 28 2020,11.70,12.10,11.60,11.80,1.76,7051
455,Apr 27 2020,11.90,11.90,11.50,11.70,1.74,4432
456,Apr 24 2020,11.60,11.90,11.40,11.90,1.77,3817
457,Apr 23 2020,11.60,11.60,11.40,11.50,1.71,4197
458,Apr 22 2020,11.60,11.80,11.40,11.60,1.73,3893
459,Apr 21 2020,11.60,11.90,11.20,11.40,1.70,5010
460,Apr 20 2020,11.50,11.90,11.30,11.40,1.70,2458
461,Apr 17 2020,11.50,11.70,11.30,11.30,1.68,4229
462,Apr 16 2020,11.40,11.70,11.20,11.30,1.68,5441
463,Apr 15 2020,11.70,11.70,11.20,11.20,1.67,2806
464,Apr 14 2020,11.60,12.00,11.40,11.40,1.70,4413
465,Apr 09 2020,11.60,12.20,11.30,11.40,1.70,5500
466,Apr 08 2020,11.10,11.60,11.10,11.40,1.70,4038
467,Apr 07 2020,11.80,11.80,11.00,11.00,1.64,4836
468,Apr 06 2020,11.20,11.70,11.00,11.00,1.64,5786
469,Apr 03 2020,11.30,11.70,11.00,11.20,1.67,8546
470,Apr 02 2020,11.00,11.80,11.00,11.00,1.64,2879
471,Apr 01 2020,11.40,11.80,11.00,11.00,1.64,9153
472,Mar 31 2020,11.60,11.90,11.45,11.60,1.73,4748
473,Mar 30 2020,11.70,12.10,11.60,11.60,1.73,6227
474,Mar 27 2020,11.90,12.20,11.55,11.75,1.75,11855
475,Mar 26 2020,12.20,12.20,12.00,12.00,1.79,3522
476,Mar 25 2020,13.00,13.00,12.00,12.20,1.82,2492
477,Mar 24 2020,11.90,12.30,11.40,12.30,1.83,2519
478,Mar 23 2020,11.35,12.00,11.00,11.90,1.77,2531
479,Mar 20 2020,11.20,11.85,10.30,11.35,1.69,2435
480,Mar 19 2020,11.40,12.00,11.40,11.40,1.70,300
481,Mar 18 2020,12.00,12.00,11.40,11.40,1.70,770
482,Mar 17 2020,12.05,12.50,11.65,11.85,1.77,399
483,Mar 16 2020,12.40,12.40,12.00,12.00,1.79,485
484,Mar 13 2020,12.55,12.70,12.55,12.65,1.89,786
485,Mar 12 2020,13.25,13.25,12.75,12.75,1.90,965
486,Mar 11 2020,13.35,13.35,12.65,12.75,1.90,4381
487,Mar 10 2020,12.65,13.60,12.65,13.30,1.98,3505
488,Mar 09 2020,12.85,13.20,12.70,12.70,1.89,1851
489,Mar 06 2020,13.40,13.40,12.95,12.95,1.93,2387
490,Mar 05 2020,13.40,13.55,13.15,13.25,1.97,25680
491,Mar 04 2020,13.40,13.55,13.00,13.35,1.99,6647
492,Mar 03 2020,13.45,13.55,13.40,13.40,2.00,2449
493,Mar 02 2020,13.35,13.90,13.20,13.50,2.01,595
494,Feb 28 2020,13.65,13.65,13.35,13.35,1.99,1460
495,Feb 27 2020,13.70,13.70,13.40,13.40,2.00,781
496,Feb 26 2020,13.45,13.65,13.45,13.60,2.03,2603
497,Feb 25 2020,13.80,13.80,13.55,13.55,2.02,3755
498,Feb 24 2020,14.00,14.00,13.65,13.80,2.06,1143
499,Feb 21 2020,13.30,14.00,13.20,13.90,2.07,2047
500,Feb 20 2020,13.30,13.30,13.15,13.30,1.98,997
501,Feb 19 2020,13.40,13.40,13.15,13.30,1.98,1540
502,Feb 18 2020,13.50,13.50,12.80,13.30,1.98,2778
503,Feb 17 2020,13.45,13.50,13.40,13.50,2.01,1984
504,Feb 14 2020,13.80,13.80,13.60,13.65,2.03,1641
505,Feb 13 2020,13.90,13.90,13.45,13.50,2.01,752
506,Feb 12 2020,13.30,13.45,13.30,13.40,2.00,478
507,Feb 11 2020,13.45,13.45,13.20,13.30,1.98,820
508,Feb 10 2020,13.80,13.80,13.45,13.45,2.00,1779
509,Feb 07 2020,13.75,13.75,13.35,13.40,2.00,2991
510,Feb 06 2020,13.75,13.75,13.40,13.40,2.00,2180
511,Feb 05 2020,14.00,14.00,13.60,13.60,2.03,1428
512,Feb 04 2020,13.70,13.85,13.65,13.65,2.03,1356
513,Feb 03 2020,14.20,14.25,13.50,13.50,2.01,1952
514,Jan 31 2020,14.35,14.35,14.00,14.20,2.12,7274
515,Jan 30 2020,14.40,14.40,14.30,14.35,2.14,1243
516,Jan 29 2020,14.55,14.55,14.30,14.40,2.15,2082
517,Jan 28 2020,14.45,14.75,14.20,14.30,2.13,9212
518,Jan 27 2020,14.60,14.60,14.10,14.10,2.10,2626
519,Jan 24 2020,14.40,14.50,14.30,14.40,2.15,3081
520,Jan 23 2020,14.55,14.55,14.10,14.30,2.13,5615
521,Jan 22 2020,14.50,14.75,13.90,14.40,2.15,2846
522,Jan 21 2020,14.50,14.50,14.15,14.50,2.16,6366
523,Jan 20 2020,14.10,14.55,14.10,14.45,2.15,1710
524,Jan 17 2020,14.35,14.75,14.30,14.55,2.17,5074
525,Jan 16 2020,14.80,14.80,14.30,14.55,2.17,6613
526,Jan 15 2020,14.55,14.75,14.30,14.45,2.15,7147
527,Jan 14 2020,14.55,14.70,14.25,14.60,2.18,3648
528,Jan 13 2020,14.50,14.60,14.40,14.55,2.17,2286
529,Jan 10 2020,14.45,14.80,13.45,14.35,2.14,2755
530,Jan 09 2020,14.50,14.70,13.90,14.60,2.18,3600
531,Jan 08 2020,14.25,14.35,14.25,14.35,2.14,2527
532,Jan 07 2020,14.45,14.45,14.35,14.35,2.14,415
533,Jan 06 2020,14.35,14.55,14.05,14.15,2.11,2985
534,Jan 03 2020,14.30,14.35,13.95,14.05,2.09,3973
535,Jan 02 2020,14.30,14.30,13.90,14.30,2.13,3385
536,Dec 31 2019,14.25,14.30,14.25,14.30,2.13,482
537,Dec 30 2019,14.15,14.35,14.15,14.25,2.12,1058
538,Dec 27 2019,13.90,14.55,13.90,14.35,2.14,171
539,Dec 24 2019,14.45,14.55,14.45,14.55,2.17,1156
540,Dec 23 2019,14.35,14.40,14.20,14.40,2.15,1622
541,Dec 20 2019,14.30,14.30,14.05,14.30,2.13,1179
542,Dec 19 2019,14.10,14.35,13.95,14.30,2.13,2134
543,Dec 18 2019,13.75,14.00,13.75,13.80,2.06,2289
544,Dec 17 2019,13.85,14.20,13.45,13.90,2.07,1929
545,Dec 16 2019,13.90,13.90,13.85,13.85,2.06,1172
546,Dec 13 2019,13.90,13.90,13.75,13.90,2.07,1086
547,Dec 12 2019,13.75,14.00,13.70,14.00,2.09,2494
548,Dec 11 2019,13.75,13.75,13.75,13.75,2.05,67
549,Dec 10 2019,13.70,13.80,13.65,13.75,2.05,2184
550,Dec 09 2019,13.85,13.85,13.65,13.80,2.06,672
551,Dec 06 2019,13.80,13.85,13.55,13.85,2.06,1964
552,Dec 05 2019,13.80,13.80,13.80,13.80,2.06,1096
553,Dec 04 2019,13.85,13.85,13.65,13.75,2.05,782
554,Dec 03 2019,14.00,14.00,13.70,13.85,2.06,1393
555,Dec 02 2019,14.10,14.10,13.75,14.05,2.09,1000
556,Nov 29 2019,13.75,14.15,13.75,14.05,2.09,2692
557,Nov 28 2019,13.70,13.70,13.70,13.70,2.04,504
558,Nov 27 2019,13.70,13.75,13.65,13.75,2.05,282
559,Nov 26 2019,13.55,13.70,13.55,13.70,2.04,967
560,Nov 25 2019,13.60,13.60,13.35,13.60,2.03,774
561,Nov 22 2019,13.55,13.70,13.20,13.55,2.02,1518
562,Nov 21 2019,13.45,13.55,13.45,13.50,2.01,462
563,Nov 20 2019,13.15,13.50,12.75,13.30,1.98,3782
564,Nov 19 2019,13.45,13.45,11.55,13.30,1.98,3948
565,Nov 18 2019,13.35,13.45,13.15,13.35,1.99,2943
566,Nov 15 2019,13.25,13.35,13.25,13.35,1.99,412
567,Nov 14 2019,13.35,13.45,13.20,13.20,1.97,474
568,Nov 13 2019,13.30,13.40,13.10,13.40,2.00,1388
569,Nov 12 2019,13.60,13.60,13.30,13.30,1.98,2093
570,Nov 11 2019,13.50,13.50,13.25,13.40,2.00,4110
571,Nov 08 2019,13.15,13.30,13.15,13.30,1.98,1293
572,Nov 07 2019,13.35,13.35,13.30,13.30,1.98,284
573,Nov 06 2019,13.40,13.40,13.15,13.35,1.99,1208
574,Nov 05 2019,13.30,13.30,13.15,13.30,1.98,1448
575,Nov 04 2019,13.45,13.55,13.25,13.25,1.97,1398
576,Nov 01 2019,13.30,13.45,12.40,13.40,2.00,997
577,Oct 31 2019,13.40,13.45,13.10,13.40,2.00,1721
578,Oct 30 2019,13.40,13.40,12.80,13.40,2.00,260
579,Oct 29 2019,13.20,13.40,13.20,13.35,1.99,200
580,Oct 28 2019,13.45,13.45,13.05,13.35,1.99,558
581,Oct 25 2019,13.45,13.45,13.30,13.45,2.00,440
582,Oct 24 2019,13.55,13.55,13.00,13.30,1.98,1767
583,Oct 23 2019,13.55,13.55,13.50,13.50,2.01,488
584,Oct 22 2019,13.25,13.45,13.20,13.45,2.00,1406
585,Oct 21 2019,13.30,13.40,13.10,13.35,1.99,2201
586,Oct 18 2019,13.20,13.50,13.20,13.45,2.00,1226
587,Oct 17 2019,13.60,13.70,13.25,13.40,2.00,2268
588,Oct 16 2019,13.40,13.45,13.25,13.25,1.97,812
589,Oct 15 2019,13.30,13.45,12.95,13.45,2.00,1444
590,Oct 14 2019,13.30,13.40,13.30,13.40,2.00,1064
591,Oct 11 2019,13.45,13.45,13.25,13.40,2.00,2751
592,Oct 10 2019,13.25,13.55,13.25,13.40,2.00,1278
593,Oct 09 2019,13.25,13.45,13.25,13.25,1.97,1631
594,Oct 08 2019,13.25,13.40,13.25,13.35,1.99,1614
595,Oct 07 2019,13.40,13.40,13.25,13.40,2.00,1206
596,Oct 04 2019,13.40,13.40,13.20,13.40,2.00,2095
597,Oct 03 2019,13.35,13.55,13.10,13.40,2.00,1464
598,Oct 02 2019,13.35,13.50,13.25,13.50,2.01,1582
599,Oct 01 2019,13.35,13.40,13.20,13.40,2.00,456
600,Sep 30 2019,13.40,13.40,13.25,13.40,2.00,1801
601,Sep 27 2019,13.20,13.30,13.10,13.30,1.98,3186
602,Sep 26 2019,13.15,13.30,13.15,13.25,1.97,1591
603,Sep 25 2019,13.10,13.25,13.05,13.25,1.97,1091
604,Sep 24 2019,13.20,13.25,12.90,13.10,1.95,3854
605,Sep 23 2019,13.35,13.40,13.35,13.35,1.99,637
606,Sep 20 2019,13.50,13.50,13.30,13.35,1.99,1304
607,Sep 19 2019,13.25,13.30,13.25,13.25,1.97,930
608,Sep 18 2019,13.45,13.45,13.30,13.30,1.98,826
609,Sep 17 2019,13.50,13.55,13.35,13.40,2.00,1145
610,Sep 16 2019,13.50,13.55,13.35,13.40,2.00,2335
611,Sep 13 2019,13.80,13.80,13.35,13.35,1.99,867
612,Sep 12 2019,13.55,13.55,13.35,13.55,2.02,820
613,Sep 11 2019,13.55,13.75,13.35,13.55,2.02,1572
614,Sep 10 2019,13.50,13.55,13.50,13.55,2.02,307
615,Sep 09 2019,13.55,13.75,13.40,13.60,2.03,1007
616,Sep 06 2019,13.55,13.55,13.45,13.55,2.02,951
617,Sep 05 2019,13.65,13.80,13.30,13.55,2.02,1533
618,Sep 04 2019,13.65,13.65,13.50,13.50,2.01,438
619,Sep 03 2019,13.65,13.65,13.45,13.65,2.03,1434
620,Sep 02 2019,13.65,13.75,13.50,13.65,2.03,877
621,Aug 30 2019,13.80,13.80,13.65,13.65,2.03,459
622,Aug 29 2019,13.55,13.55,13.55,13.55,2.02,33
623,Aug 28 2019,13.70,13.70,13.60,13.60,2.03,411
624,Aug 27 2019,13.65,13.70,13.20,13.70,2.04,1507
625,Aug 26 2019,13.50,13.50,13.35,13.45,2.00,920
626,Aug 23 2019,13.35,13.50,13.35,13.45,2.00,857
627,Aug 22 2019,13.55,13.55,13.45,13.45,2.00,1584
628,Aug 21 2019,13.50,13.55,13.30,13.50,2.01,1266
629,Aug 20 2019,13.55,13.55,13.30,13.50,2.01,886
630,Aug 19 2019,13.35,13.55,13.35,13.50,2.01,1042
631,Aug 16 2019,13.45,13.55,13.40,13.50,2.01,560
632,Aug 15 2019,13.50,13.50,13.25,13.50,2.01,1249
633,Aug 14 2019,13.45,13.45,13.45,13.45,2.00,135
634,Aug 13 2019,13.50,13.50,13.45,13.45,2.00,105
635,Aug 12 2019,13.45,13.45,13.45,13.45,2.00,254
636,Aug 09 2019,13.30,13.45,13.25,13.40,2.00,283
637,Aug 08 2019,13.50,13.50,13.45,13.45,2.00,262
638,Aug 07 2019,13.45,13.45,13.35,13.45,2.00,263
639,Aug 06 2019,13.50,13.50,13.45,13.45,2.00,248
640,Aug 05 2019,13.60,13.60,13.50,13.50,2.01,481
641,Aug 02 2019,13.60,13.60,13.60,13.60,2.03,177
642,Aug 01 2019,13.50,13.50,13.50,13.50,2.01,23
643,Jul 31 2019,13.50,13.50,13.50,13.50,2.01,214
644,Jul 30 2019,13.50,13.50,13.50,13.50,2.01,175
645,Jul 29 2019,13.20,13.45,13.20,13.40,2.00,460
646,Jul 26 2019,13.20,13.30,13.05,13.30,1.98,866
647,Jul 25 2019,13.15,13.50,13.05,13.40,2.00,671
648,Jul 24 2019,13.10,13.20,13.05,13.20,1.97,772
649,Jul 23 2019,13.40,13.40,13.00,13.10,1.95,982
650,Jul 22 2019,13.05,13.25,13.05,13.25,1.97,282
651,Jul 19 2019,13.15,13.25,12.95,13.00,1.94,1032
652,Jul 18 2019,13.25,13.25,13.25,13.25,1.97,215
653,Jul 17 2019,13.00,13.05,12.95,13.05,1.94,218
654,Jul 16 2019,12.85,12.95,12.60,12.95,1.93,315
655,Jul 15 2019,13.00,13.00,13.00,13.00,1.94,201
656,Jul 12 2019,12.85,13.00,12.85,13.00,1.94,695
657,Jul 11 2019,12.85,13.00,12.85,13.00,1.94,505
658,Jul 10 2019,12.95,12.95,12.75,12.85,1.91,233
659,Jul 09 2019,12.90,12.90,12.75,12.90,1.92,632
660,Jul 08 2019,13.25,13.25,12.85,12.95,1.93,565
661,Jul 05 2019,12.75,12.95,12.75,12.90,1.92,557
662,Jul 04 2019,12.85,12.85,12.75,12.75,1.90,289
663,Jul 03 2019,12.70,13.25,12.70,12.85,1.91,1059
664,Jul 02 2019,13.00,13.00,12.80,12.80,1.91,1050
665,Jul 01 2019,12.90,12.90,12.90,12.90,1.92,196
666,Jun 28 2019,13.05,13.05,12.60,12.80,1.91,2020
667,Jun 27 2019,13.05,13.05,13.05,13.05,1.94,580
668,Jun 26 2019,13.10,13.15,12.85,13.05,1.94,640
669,Jun 25 2019,13.30,13.30,13.00,13.10,1.95,800
670,Jun 24 2019,13.30,13.30,11.55,13.05,1.94,1371
671,Jun 21 2019,13.50,13.50,13.50,13.50,2.01,362
672,Jun 20 2019,13.25,13.35,13.25,13.30,1.98,168
673,Jun 19 2019,13.30,13.30,13.25,13.25,1.97,483
674,Jun 18 2019,12.80,13.05,12.80,13.05,1.94,66
675,Jun 17 2019,12.50,12.65,12.25,12.65,1.89,735
676,Jun 14 2019,12.85,12.85,12.25,12.25,1.83,996
677,Jun 13 2019,12.20,12.35,12.20,12.35,1.84,806
678,Jun 12 2019,12.40,12.40,12.00,12.30,1.83,1030
679,May 31 2019,12.80,12.85,12.80,12.80,0.89,1308
680,May 30 2019,12.75,12.75,12.75,12.75,0.89,348
681,May 29 2019,12.85,12.95,12.85,12.95,0.90,713
682,May 28 2019,12.90,13.00,12.90,12.90,0.90,1069
683,May 27 2019,12.90,13.00,12.85,12.90,0.90,1126
684,May 24 2019,12.95,13.05,12.95,13.05,0.91,464
685,May 23 2019,13.65,13.65,13.45,13.45,0.46,128
686,May 22 2019,13.65,13.65,13.50,13.65,0.47,2042
687,May 21 2019,13.65,13.65,13.60,13.60,0.47,153
688,May 20 2019,13.60,13.60,13.60,13.60,0.47,158
689,May 17 2019,13.70,13.70,13.60,13.60,0.47,158
690,May 16 2019,13.70,13.70,12.70,13.55,0.46,893
691,May 15 2019,13.50,13.70,13.45,13.70,0.47,597
692,May 14 2019,13.70,13.70,13.50,13.50,0.46,97
693,May 13 2019,13.65,13.65,13.60,13.60,0.47,250
694,May 10 2019,13.55,13.70,13.50,13.50,0.46,334
695,May 09 2019,13.65,13.65,13.65,13.65,0.47,285
696,May 08 2019,13.55,13.55,13.45,13.45,0.46,509
697,May 07 2019,13.20,13.20,13.20,13.20,0.45,100
698,May 06 2019,13.15,13.20,13.15,13.20,0.45,727
699,May 03 2019,13.20,13.20,12.90,12.90,0.44,1731
700,May 02 2019,13.00,13.20,13.00,13.20,0.45,1277
701,Apr 30 2019,13.00,13.00,13.00,13.00,0.44,900
702,Apr 29 2019,13.00,13.00,13.00,13.00,0.44,1433
703,Apr 26 2019,13.00,13.00,12.90,12.95,0.44,1200
704,Apr 25 2019,13.00,13.00,13.00,13.00,0.44,475
705,Apr 24 2019,13.10,13.10,12.90,12.90,0.44,775
706,Apr 23 2019,13.35,13.35,13.10,13.10,0.45,1663
707,Apr 18 2019,13.15,13.20,13.15,13.15,0.45,201
708,Apr 17 2019,13.65,13.65,13.15,13.15,0.45,2257
709,Apr 16 2019,13.50,13.65,13.50,13.60,0.47,690
710,Apr 15 2019,13.45,13.65,13.45,13.45,0.46,785
711,Apr 12 2019,13.65,13.65,13.45,13.45,0.46,1006
712,Apr 11 2019,13.45,13.45,13.45,13.45,0.46,347
713,Apr 10 2019,13.30,13.60,13.30,13.45,0.46,1630
714,Apr 09 2019,13.35,13.35,13.15,13.20,0.45,504
715,Apr 08 2019,13.25,13.25,13.25,13.25,0.45,125
716,Apr 05 2019,13.40,13.40,13.30,13.30,0.45,712
717,Apr 04 2019,13.35,13.35,13.35,13.35,0.46,225
718,Apr 03 2019,13.45,13.45,13.40,13.40,0.46,141
719,Apr 02 2019,13.40,13.40,13.40,13.40,0.46,1643
720,Apr 01 2019,13.40,13.40,13.40,13.40,0.46,268
721,Mar 29 2019,13.30,13.80,13.30,13.40,0.46,743
722,Mar 28 2019,13.45,13.45,13.40,13.40,0.46,755
723,Mar 27 2019,13.45,13.45,13.40,13.40,0.46,1030
724,Mar 26 2019,13.40,13.75,13.40,13.45,0.46,787
725,Mar 25 2019,13.40,13.40,13.40,13.40,0.46,108
726,Mar 22 2019,13.45,13.45,13.45,13.45,0.46,276
727,Mar 21 2019,13.45,13.45,13.45,13.45,0.46,768
728,Mar 20 2019,13.40,13.40,13.40,13.40,0.46,289
729,Mar 19 2019,13.40,13.40,13.40,13.40,0.46,204
730,Mar 18 2019,13.50,13.75,13.35,13.35,0.46,290
731,Mar 15 2019,13.60,13.60,13.20,13.20,0.45,519
732,Mar 14 2019,13.60,13.60,13.50,13.50,0.46,520
733,Mar 13 2019,13.65,13.65,13.55,13.55,0.46,143
734,Mar 12 2019,13.60,13.65,13.60,13.65,0.47,249
735,Mar 11 2019,13.55,14.15,13.55,13.60,0.47,236
736,Mar 08 2019,13.65,13.65,13.35,13.60,0.47,459
737,Mar 07 2019,13.55,14.70,13.55,13.60,0.47,660
738,Mar 06 2019,13.80,14.10,13.60,13.60,0.47,354
739,Mar 05 2019,13.75,13.75,13.75,13.75,0.47,259
740,Mar 04 2019,13.65,14.00,13.65,13.70,0.47,227
741,Mar 01 2019,13.60,13.65,13.60,13.60,0.47,591
742,Feb 28 2019,13.75,13.75,13.35,13.60,0.47,473
743,Feb 27 2019,13.90,13.90,13.70,13.75,0.47,1238
744,Feb 26 2019,14.00,14.00,13.80,13.90,0.48,1031
745,Feb 25 2019,13.95,13.95,13.95,13.95,0.48,661
746,Feb 22 2019,14.20,14.20,13.60,13.90,0.48,361
747,Feb 21 2019,14.15,14.15,14.05,14.10,0.48,909
748,Feb 20 2019,14.25,14.25,14.25,14.25,0.49,164
749,Feb 19 2019,14.15,14.15,14.10,14.10,0.48,618
750,Feb 18 2019,14.00,14.00,14.00,14.00,0.48,400
751,Feb 15 2019,14.10,14.10,14.05,14.05,0.48,274
752,Feb 14 2019,14.10,14.10,13.85,14.10,0.48,1584
753,Feb 13 2019,14.00,14.00,13.95,13.95,0.48,385
754,Feb 12 2019,13.95,14.00,13.95,14.00,0.48,849
755,Feb 11 2019,13.70,13.95,13.70,13.95,0.48,528
756,Feb 08 2019,13.75,13.80,13.75,13.80,0.47,882
757,Feb 07 2019,13.75,13.85,13.75,13.85,0.47,828
758,Feb 06 2019,13.90,13.90,13.80,13.80,0.47,619
759,Feb 05 2019,13.85,13.85,13.70,13.70,0.47,190
760,Feb 04 2019,13.65,13.65,13.60,13.65,0.47,1087
761,Feb 01 2019,13.80,13.80,13.65,13.65,0.47,584
762,Jan 31 2019,14.05,14.05,13.70,13.70,0.47,485
763,Jan 30 2019,13.80,13.80,13.80,13.80,0.47,1053
764,Jan 29 2019,13.55,13.55,13.55,13.55,0.46,447
765,Jan 28 2019,13.60,13.60,13.55,13.55,0.46,751
766,Jan 25 2019,13.65,13.65,13.60,13.60,0.47,656
767,Jan 24 2019,13.45,13.45,13.00,13.40,0.46,511
768,Jan 23 2019,13.50,13.60,13.00,13.45,0.46,2323
769,Jan 22 2019,13.30,13.80,13.30,13.50,0.46,1590
770,Jan 21 2019,13.40,13.45,13.35,13.40,0.46,3002
771,Jan 18 2019,13.65,13.65,13.45,13.45,0.46,1485
772,Jan 17 2019,13.20,13.60,13.20,13.60,0.47,40274
773,Jan 16 2019,13.15,13.25,13.15,13.25,0.45,427
774,Jan 15 2019,13.00,13.00,12.85,12.95,0.44,1551
775,Jan 14 2019,12.95,12.95,12.85,12.95,0.44,1740
776,Jan 11 2019,13.05,13.05,13.00,13.00,0.44,618
777,Jan 10 2019,13.10,13.10,13.05,13.05,0.45,560
778,Jan 09 2019,12.95,13.00,12.85,13.00,0.44,1511
779,Jan 08 2019,12.95,12.95,12.95,12.95,0.44,429
780,Jan 07 2019,13.00,13.00,12.90,12.90,0.44,1749
781,Jan 04 2019,13.00,13.00,12.95,13.00,0.44,1812
782,Jan 03 2019,13.00,13.00,12.90,12.90,0.44,70
783,Jan 02 2019,13.00,13.00,12.90,12.95,0.44,332
784,Dec 31 2018,13.15,13.15,12.90,12.90,0.44,162
785,Dec 28 2018,12.95,13.00,12.85,13.00,0.44,3702
786,Dec 27 2018,13.10,13.20,12.75,13.05,0.45,2380
787,Dec 24 2018,13.00,13.00,13.00,13.00,0.44,1465
788,Dec 21 2018,12.90,12.90,12.60,12.85,0.44,5001
789,Dec 20 2018,12.95,12.95,12.85,12.85,0.44,1986
790,Dec 19 2018,13.00,13.00,13.00,13.00,0.44,662
791,Dec 18 2018,12.90,13.00,12.75,13.00,0.44,776
792,Dec 17 2018,12.95,12.95,12.80,12.95,0.44,1473
793,Dec 14 2018,13.15,13.15,12.80,13.00,0.44,4802
794,Dec 13 2018,12.95,13.00,12.95,13.00,0.44,466
795,Dec 12 2018,13.15,13.15,12.90,12.95,0.44,1330
796,Dec 11 2018,13.15,13.15,12.80,13.00,0.44,4855
797,Dec 10 2018,12.95,13.05,12.80,13.00,0.44,3555
798,Dec 07 2018,12.95,12.95,12.95,12.95,0.44,293
799,Dec 06 2018,12.80,13.00,12.80,12.95,0.44,1790
800,Dec 05 2018,12.80,12.95,12.80,12.95,0.44,986
801,Dec 04 2018,13.00,13.30,12.85,12.85,0.44,2018
802,Dec 03 2018,12.95,13.05,12.90,12.95,0.44,1735
803,Nov 30 2018,12.90,13.20,12.85,13.05,0.45,2576
804,Nov 29 2018,12.85,12.95,12.85,12.95,0.44,2684
805,Nov 28 2018,12.95,13.25,12.95,12.95,0.44,4899
806,Nov 27 2018,12.85,12.95,12.65,12.95,0.44,854
807,Nov 26 2018,12.75,12.85,12.75,12.85,0.44,678
808,Nov 23 2018,12.80,12.85,12.80,12.85,0.44,47
809,Nov 22 2018,12.90,12.90,12.75,12.75,0.44,3378
810,Nov 21 2018,12.90,12.90,12.90,12.90,0.44,240
811,Nov 20 2018,12.95,12.95,12.95,12.95,0.44,538
812,Nov 19 2018,12.80,12.95,12.80,12.90,0.44,1261
813,Nov 16 2018,12.90,12.90,12.90,12.90,0.44,653
814,Nov 15 2018,12.90,12.90,12.70,12.90,0.44,2220
815,Nov 14 2018,12.90,12.90,12.80,12.80,0.44,264
816,Nov 13 2018,12.90,12.90,12.75,12.90,0.44,574
817,Nov 12 2018,12.95,12.95,12.75,12.95,0.44,2010
818,Nov 09 2018,12.80,12.80,12.70,12.80,0.44,505
819,Nov 08 2018,12.95,12.95,12.45,12.70,0.43,6485
820,Nov 07 2018,12.80,13.00,12.80,12.90,0.44,1081
821,Nov 06 2018,13.00,13.00,12.80,12.80,0.44,1594
822,Nov 05 2018,12.90,12.95,12.90,12.90,0.44,608
823,Nov 02 2018,12.90,13.00,12.85,12.85,0.44,2508
824,Nov 01 2018,12.75,12.90,12.75,12.90,0.44,1324
825,Oct 31 2018,12.90,13.00,12.65,12.65,0.43,2245
826,Oct 30 2018,13.05,13.05,12.70,12.95,0.44,2039
827,Oct 29 2018,13.10,13.20,12.90,13.20,0.45,2345
828,Oct 26 2018,13.20,13.20,13.10,13.10,0.45,876
829,Oct 25 2018,13.35,13.60,13.10,13.15,0.45,2826
830,Oct 24 2018,13.25,13.25,13.15,13.15,0.45,597
831,Oct 23 2018,13.20,13.25,13.10,13.25,0.45,1540
832,Oct 22 2018,13.10,13.30,13.00,13.30,0.45,1511
833,Oct 19 2018,13.25,13.25,12.90,13.25,0.45,1801
834,Oct 18 2018,13.25,13.25,13.05,13.20,0.45,1605
835,Oct 17 2018,13.25,13.25,12.90,13.10,0.45,2102
836,Oct 16 2018,12.90,13.10,12.70,13.05,0.45,2459
837,Oct 15 2018,12.90,13.10,12.90,13.00,0.44,1393
838,Oct 12 2018,12.90,13.20,12.90,13.05,0.45,798
839,Oct 11 2018,12.90,13.05,12.90,12.95,0.44,694
840,Oct 10 2018,13.20,13.20,13.00,13.00,0.44,715
841,Oct 09 2018,13.00,13.15,13.00,13.10,0.45,226
842,Oct 08 2018,12.95,13.05,12.95,13.00,0.44,1199
843,Oct 05 2018,13.05,13.05,12.95,13.05,0.45,1855
844,Oct 04 2018,13.05,13.35,13.00,13.25,0.45,1045
845,Oct 03 2018,13.00,13.05,12.85,13.05,0.45,362
846,Oct 02 2018,12.95,12.95,12.80,12.90,0.44,1225
847,Oct 01 2018,12.95,13.10,12.95,13.05,0.45,631
848,Sep 28 2018,13.05,13.05,13.00,13.05,0.45,65
849,Sep 27 2018,12.85,13.05,12.85,13.05,0.45,543
850,Sep 26 2018,12.90,13.00,12.80,12.80,0.44,664
851,Sep 25 2018,12.90,12.90,12.90,12.90,0.44,367
852,Sep 24 2018,12.90,12.90,12.80,12.80,0.44,1023
853,Sep 21 2018,12.85,12.90,12.85,12.85,0.44,1964
854,Sep 20 2018,12.95,13.00,12.80,12.95,0.44,1350
855,Sep 19 2018,12.80,12.95,12.80,12.95,0.44,39
856,Sep 18 2018,12.75,12.85,12.75,12.85,0.44,1244
857,Sep 17 2018,12.85,12.85,12.80,12.80,0.44,120
858,Sep 14 2018,12.80,12.85,12.80,12.80,0.44,212
859,Sep 13 2018,12.85,12.85,12.80,12.80,0.44,738
860,Sep 12 2018,12.75,12.75,12.75,12.75,0.44,427
861,Sep 11 2018,12.85,12.85,12.80,12.80,0.44,542
862,Sep 10 2018,12.75,12.75,12.55,12.75,0.44,848
863,Sep 07 2018,12.80,12.85,12.65,12.85,0.44,909
864,Sep 06 2018,12.75,12.95,12.75,12.95,0.44,1840
865,Sep 05 2018,12.85,12.85,12.55,12.65,0.43,1194
866,Sep 04 2018,13.00,13.00,12.85,12.85,0.44,480
867,Sep 03 2018,13.00,13.00,12.80,12.80,0.44,441
868,Aug 31 2018,13.10,13.10,12.85,12.85,0.44,562
869,Aug 30 2018,13.10,13.10,12.90,12.90,0.44,705
870,Aug 29 2018,13.10,13.10,12.95,13.00,0.44,322
871,Aug 28 2018,12.95,13.05,12.65,13.05,0.45,200
872,Aug 27 2018,12.90,12.95,12.90,12.95,0.44,154
873,Aug 24 2018,13.05,13.05,12.95,12.95,0.44,178
874,Aug 23 2018,13.10,13.10,12.90,13.05,0.45,65
875,Aug 22 2018,13.10,13.10,13.10,13.10,0.45,29
876,Aug 21 2018,13.05,13.05,12.65,13.05,0.45,196
877,Aug 20 2018,13.05,13.05,13.05,13.05,0.45,20
878,Aug 17 2018,13.10,13.10,12.85,13.05,0.45,336
879,Aug 16 2018,13.10,13.10,12.85,12.90,0.44,678
880,Aug 15 2018,13.00,13.10,12.70,13.10,0.45,1260
881,Aug 14 2018,13.00,13.10,12.90,13.10,0.45,273
882,Aug 13 2018,12.90,13.10,12.90,13.10,0.45,1488
883,Aug 10 2018,13.00,13.35,12.95,13.05,0.45,1383
884,Aug 09 2018,13.05,13.10,12.85,13.05,0.45,2227
885,Aug 08 2018,12.95,13.05,12.80,13.00,0.44,2106
886,Aug 07 2018,12.90,13.05,12.75,13.00,0.44,2367
887,Aug 06 2018,13.05,13.05,12.95,12.95,0.44,332
888,Aug 03 2018,12.90,13.05,12.85,12.95,0.44,1754
889,Aug 02 2018,13.00,13.00,12.95,12.95,0.44,245
890,Aug 01 2018,12.95,13.00,12.85,12.90,0.44,946
891,Jul 31 2018,12.95,13.05,12.85,13.05,0.45,1267
892,Jul 30 2018,12.85,13.05,12.75,13.00,0.44,1266
893,Jul 27 2018,12.80,13.05,12.80,13.05,0.45,1326
894,Jul 26 2018,12.95,13.00,12.85,13.00,0.44,1048
895,Jul 25 2018,12.80,13.15,12.80,12.85,0.44,1376
896,Jul 24 2018,12.65,13.00,12.65,12.90,0.44,1247
897,Jul 23 2018,12.35,12.80,12.35,12.75,0.44,979
898,Jul 20 2018,12.30,12.40,12.30,12.35,0.42,866
899,Jul 19 2018,12.35,12.45,12.20,12.30,0.42,1637
900,Jul 18 2018,12.35,12.40,12.20,12.40,0.42,1268
901,Jul 17 2018,12.45,12.55,12.30,12.30,0.42,1531
902,Jul 16 2018,12.65,12.65,12.35,12.35,0.42,2018
903,Jul 13 2018,12.35,12.50,12.35,12.50,0.43,432
904,Jul 12 2018,12.50,12.50,12.45,12.45,0.43,739
905,Jul 11 2018,12.70,12.70,12.30,12.30,0.42,2010
906,Jul 10 2018,12.55,12.65,12.55,12.65,0.43,992
907,Jul 09 2018,12.65,12.70,12.50,12.50,0.43,2321
908,Jul 06 2018,12.50,12.50,12.35,12.50,0.43,584
909,Jul 05 2018,12.60,12.60,12.45,12.50,0.43,650
910,Jul 04 2018,12.60,12.60,12.40,12.55,0.43,531
911,Jul 03 2018,12.65,12.65,12.45,12.65,0.43,917
912,Jul 02 2018,12.75,12.75,12.55,12.70,0.43,1127
913,Jun 29 2018,12.70,12.75,12.60,12.60,0.43,961
914,Jun 28 2018,12.75,12.90,12.75,12.80,0.44,1332
915,Jun 27 2018,12.75,12.75,12.70,12.75,0.44,562
916,Jun 26 2018,12.85,12.85,12.60,12.65,0.43,536
917,Jun 25 2018,13.00,13.05,12.85,12.85,0.44,1036
918,Jun 22 2018,13.15,13.15,12.90,13.15,0.45,1542
919,Jun 21 2018,13.15,13.15,12.95,12.95,0.44,325
920,Jun 20 2018,13.10,13.20,12.95,12.95,0.44,1302
921,Jun 19 2018,13.15,13.15,13.00,13.00,0.44,1324
922,Jun 18 2018,12.95,13.15,12.95,13.15,0.45,758
923,Jun 15 2018,13.05,13.15,13.05,13.15,0.45,902
924,Jun 14 2018,13.20,13.20,13.10,13.10,0.45,950
925,Jun 13 2018,13.10,13.10,13.00,13.05,0.45,629
926,Jun 12 2018,13.20,13.20,13.05,13.10,0.45,254
927,Jun 11 2018,13.20,13.20,13.05,13.20,0.45,306
928,Jun 08 2018,13.10,13.15,13.00,13.10,0.45,1539
929,Jun 07 2018,12.95,13.20,12.95,13.15,0.45,1112
930,Jun 06 2018,13.00,13.00,12.65,12.90,0.44,1259
931,Jun 05 2018,12.95,12.95,12.75,12.95,0.44,958
932,Jun 04 2018,12.85,13.10,12.85,13.05,0.45,214
933,Jun 01 2018,12.90,13.05,12.85,12.85,0.44,379
934,May 31 2018,12.85,12.85,12.80,12.85,0.44,1306
935,May 30 2018,12.75,12.90,12.70,12.90,0.44,2585
936,May 29 2018,12.75,12.85,12.60,12.85,0.44,6623
937,May 28 2018,12.65,12.75,12.65,12.65,0.43,1596
938,May 25 2018,12.85,12.85,12.60,12.70,0.43,1495
939,May 24 2018,13.20,13.50,13.20,13.40,0.24,3218
940,May 23 2018,13.25,13.40,13.25,13.40,0.24,655
941,May 22 2018,13.45,13.50,13.35,13.35,0.12,1145
942,May 21 2018,13.70,13.70,13.30,13.45,0.12,1738
943,May 18 2018,13.60,13.70,13.50,13.50,0.12,618
944,May 17 2018,13.75,13.75,13.55,13.55,0.12,539
945,May 16 2018,13.75,13.80,13.60,13.65,0.12,1310
946,May 15 2018,13.85,13.85,13.70,13.70,0.12,350
947,May 14 2018,13.95,13.95,13.70,13.75,0.13,462
948,May 11 2018,13.90,14.00,13.85,13.90,0.13,422
949,May 10 2018,14.00,14.00,13.90,13.90,0.13,305
950,May 09 2018,14.10,14.10,13.85,13.95,0.13,1253
951,May 08 2018,13.95,14.00,13.90,14.00,0.13,290
952,May 07 2018,13.90,14.10,13.85,13.90,0.13,188
953,May 04 2018,13.95,13.95,13.90,13.90,0.13,589
954,May 03 2018,13.95,13.95,13.85,13.85,0.13,694
955,May 02 2018,14.00,14.00,13.50,13.80,0.13,1306
956,Apr 30 2018,13.80,14.00,13.75,14.00,0.13,470
957,Apr 27 2018,13.65,13.70,13.40,13.70,0.12,535
958,Apr 26 2018,13.55,13.55,13.45,13.55,0.12,1880
959,Apr 25 2018,13.60,13.60,13.20,13.55,0.12,932
960,Apr 24 2018,13.45,13.55,13.45,13.55,0.12,1217
961,Apr 23 2018,13.20,13.50,13.20,13.50,0.12,1527
962,Apr 20 2018,13.50,13.50,13.25,13.45,0.12,796
963,Apr 19 2018,13.40,13.40,13.20,13.35,0.12,1597
964,Apr 18 2018,13.25,13.35,13.20,13.25,0.12,1629
965,Apr 17 2018,13.15,13.30,13.15,13.30,0.12,1855
966,Apr 16 2018,13.30,13.30,13.10,13.15,0.12,1374
967,Apr 13 2018,13.20,13.25,13.15,13.25,0.12,225
968,Apr 12 2018,13.15,13.20,13.10,13.20,0.12,845
969,Apr 11 2018,13.20,13.20,13.05,13.20,0.12,578
970,Apr 10 2018,13.15,13.20,13.15,13.20,0.06,606
971,Apr 09 2018,13.00,13.20,13.00,13.15,0.06,1517
972,Apr 06 2018,13.15,13.20,13.10,13.15,0.06,1940
973,Apr 05 2018,13.20,13.25,13.15,13.15,0.06,1156
974,Apr 04 2018,13.15,13.15,13.00,13.10,0.06,1239
975,Apr 03 2018,12.95,13.15,12.95,13.15,0.06,1011
976,Mar 29 2018,13.15,13.15,13.15,13.15,0.06,244
977,Mar 28 2018,13.20,13.20,13.10,13.15,0.06,646
978,Mar 27 2018,13.20,13.20,13.05,13.20,0.06,746
979,Mar 26 2018,13.15,13.20,13.00,13.20,0.06,870
980,Mar 23 2018,13.15,13.15,13.00,13.15,0.06,531
981,Mar 22 2018,13.25,13.25,12.85,13.15,0.06,633
982,Mar 21 2018,13.30,13.35,13.20,13.20,0.06,146
983,Mar 20 2018,13.40,13.40,13.35,13.40,0.06,248
984,Mar 19 2018,13.40,13.40,13.40,13.40,0.06,245
985,Mar 16 2018,13.40,13.40,13.40,13.40,0.06,48
986,Mar 15 2018,13.40,13.50,13.10,13.30,0.06,6485
987,Mar 14 2018,13.40,13.40,13.25,13.30,0.06,834
988,Mar 13 2018,13.30,13.30,13.20,13.30,0.06,568
989,Mar 12 2018,13.25,13.35,13.25,13.35,0.06,669
990,Mar 09 2018,13.35,13.50,13.30,13.30,0.06,613
991,Mar 08 2018,13.15,13.30,13.15,13.30,0.06,604
992,Mar 07 2018,13.15,13.15,13.15,13.15,0.06,1014
993,Mar 06 2018,13.25,13.25,13.10,13.10,0.06,1344
994,Mar 05 2018,13.25,13.25,13.00,13.25,0.06,2100
995,Mar 02 2018,13.25,13.30,13.25,13.30,0.06,418
996,Mar 01 2018,13.25,13.30,13.15,13.30,0.06,2233
997,Feb 28 2018,13.35,13.40,13.20,13.20,0.06,486
998,Feb 27 2018,13.20,13.35,13.20,13.35,0.06,243
999,Feb 26 2018,13.20,13.35,13.10,13.20,0.06,1184
1000,Feb 23 2018,13.20,13.20,13.20,13.20,0.06,346
1001,Feb 22 2018,13.10,13.20,12.95,13.20,0.06,399
1002,Feb 21 2018,13.20,13.20,13.00,13.05,0.06,888
1003,Feb 20 2018,13.10,13.20,13.10,13.15,0.06,822
1004,Feb 19 2018,12.95,13.35,12.95,13.20,0.06,2155
1005,Feb 16 2018,12.85,12.90,12.85,12.90,0.06,235
1006,Feb 15 2018,12.85,12.90,12.70,12.85,0.06,2790
1007,Feb 14 2018,12.90,12.90,12.70,12.85,0.06,2060
1008,Feb 13 2018,12.90,12.90,12.60,12.90,0.06,1218
1009,Feb 12 2018,12.80,12.90,12.70,12.90,0.06,1066
1010,Feb 09 2018,12.90,12.90,12.85,12.85,0.06,623
1011,Feb 08 2018,12.85,13.30,12.75,13.10,0.06,5106
1012,Feb 07 2018,13.00,13.00,12.75,12.80,0.06,441
1013,Feb 06 2018,12.80,12.95,12.50,12.95,0.06,1128
1014,Feb 05 2018,13.15,13.15,12.95,12.95,0.06,1731
1015,Feb 02 2018,13.15,13.20,13.15,13.15,0.06,1157
1016,Feb 01 2018,12.95,13.15,12.95,13.15,0.06,339
1017,Jan 31 2018,13.00,13.00,12.95,12.95,0.06,388
1018,Jan 30 2018,13.20,13.20,12.90,13.00,0.06,1065
1019,Jan 29 2018,13.00,13.00,12.95,13.00,0.06,611
1020,Jan 26 2018,13.25,13.25,12.95,13.00,0.06,660
1021,Jan 25 2018,13.15,13.20,13.05,13.05,0.06,1150
1022,Jan 24 2018,13.05,13.10,13.00,13.10,0.06,207
1023,Jan 23 2018,13.05,13.05,12.95,13.00,0.06,698
1024,Jan 22 2018,13.15,13.15,12.95,13.05,0.06,470
1025,Jan 19 2018,13.25,13.25,13.20,13.20,0.06,210
1026,Jan 18 2018,13.25,13.25,13.05,13.05,0.06,203
1027,Jan 17 2018,12.95,13.10,12.95,13.10,0.06,1301
1028,Jan 16 2018,12.85,13.15,12.60,13.15,0.06,1238
1029,Jan 15 2018,12.45,12.80,12.45,12.80,0.06,2512
1030,Jan 12 2018,12.60,12.60,12.40,12.55,0.06,1526
1031,Jan 11 2018,12.50,12.80,12.50,12.80,0.06,106
1032,Jan 10 2018,12.45,12.55,12.30,12.50,0.06,1977
1033,Jan 09 2018,12.40,12.55,12.40,12.50,0.06,2631
1034,Jan 08 2018,12.60,12.85,12.50,12.50,0.06,576
1035,Jan 05 2018,12.55,12.60,12.55,12.60,0.06,165
1036,Jan 04 2018,12.15,12.60,12.15,12.40,0.06,225
1037,Jan 03 2018,12.30,12.30,12.30,12.30,0.06,132
1038,Jan 02 2018,12.20,12.35,12.20,12.35,0.06,727
1039,Dec 29 2017,12.29,12.36,12.00,12.01,0.06,2361
1040,Dec 28 2017,12.20,12.41,12.10,12.41,0.06,2329
1041,Dec 27 2017,12.34,12.34,11.99,12.21,0.06,1625
1042,Dec 22 2017,12.20,12.20,12.05,12.20,0.06,187
1043,Dec 21 2017,12.18,12.18,12.00,12.10,0.06,4123
1044,Dec 20 2017,12.20,12.20,12.06,12.18,0.06,1708
1045,Dec 19 2017,12.20,12.20,12.08,12.19,0.06,1142
1046,Dec 18 2017,12.34,12.34,12.19,12.19,0.06,275
1047,Dec 15 2017,12.35,12.35,12.10,12.34,0.06,2496
1048,Dec 14 2017,12.40,12.40,12.30,12.35,0.06,410
1049,Dec 13 2017,12.35,12.40,12.31,12.40,0.06,1050
1050,Dec 12 2017,12.00,12.37,12.00,12.37,0.06,893
1051,Dec 11 2017,12.14,12.36,11.90,12.00,0.06,15796
1052,Dec 08 2017,12.22,12.22,12.00,12.22,0.06,988
1053,Dec 07 2017,12.21,12.23,12.21,12.22,0.06,580
1054,Dec 06 2017,12.43,12.43,11.97,12.29,0.06,2519
1055,Dec 05 2017,12.30,12.34,12.12,12.34,0.06,188
1056,Dec 04 2017,12.30,12.30,12.30,12.30,0.06,1033
1057,Dec 01 2017,12.30,12.48,12.28,12.30,0.06,10769
1058,Nov 30 2017,12.51,12.51,12.35,12.40,0.06,700
1059,Nov 29 2017,12.58,12.58,12.48,12.51,0.06,1598
1060,Nov 28 2017,12.53,12.53,12.51,12.51,0.06,295
1061,Nov 27 2017,12.51,12.51,12.47,12.48,0.06,1005
1062,Nov 24 2017,12.61,12.61,12.38,12.59,0.06,2347
1063,Nov 23 2017,12.69,12.69,12.48,12.48,0.06,1473
1064,Nov 22 2017,12.56,12.60,12.56,12.59,0.06,600
1065,Nov 21 2017,12.49,12.58,12.45,12.45,0.06,591
1066,Nov 20 2017,12.55,12.61,12.35,12.58,0.06,1395
1067,Nov 17 2017,12.56,12.61,12.50,12.61,0.06,741
1068,Nov 16 2017,12.57,12.68,12.51,12.56,0.06,2896
1069,Nov 15 2017,12.59,12.59,12.59,12.59,0.06,160
1070,Nov 14 2017,12.55,12.69,12.49,12.66,0.06,1482
1071,Nov 13 2017,12.55,12.72,12.46,12.68,0.06,1620
1072,Nov 10 2017,12.50,12.55,12.40,12.55,0.06,223
1073,Nov 09 2017,12.39,12.39,12.34,12.39,0.06,897
1074,Nov 08 2017,12.40,12.49,12.39,12.39,0.06,653
1075,Nov 07 2017,12.40,12.43,12.20,12.35,0.06,5081
1076,Nov 06 2017,12.49,12.49,12.33,12.45,0.06,848
1077,Nov 03 2017,12.25,12.41,12.21,12.40,0.06,2337
1078,Nov 02 2017,12.34,12.39,12.27,12.39,0.06,1823
1079,Nov 01 2017,12.35,12.40,12.20,12.20,0.06,2234
1080,Oct 31 2017,12.35,12.35,12.25,12.25,0.06,849
1081,Oct 30 2017,12.36,12.36,12.20,12.25,0.06,1949
1082,Oct 27 2017,12.35,12.35,12.20,12.29,0.06,6013
1083,Oct 26 2017,12.36,12.36,12.35,12.36,0.06,300
1084,Oct 25 2017,12.31,12.44,12.31,12.43,0.06,846
1085,Oct 24 2017,12.35,12.43,12.31,12.31,0.06,1701
1086,Oct 23 2017,12.25,12.45,12.24,12.45,0.06,2511
1087,Oct 20 2017,12.34,12.34,12.20,12.20,0.06,7286
1088,Oct 19 2017,12.46,12.47,12.35,12.36,0.06,1435
1089,Oct 18 2017,12.34,12.46,12.34,12.46,0.06,1329
1090,Oct 17 2017,12.46,12.46,12.22,12.45,0.06,2817
1091,Oct 16 2017,12.35,12.45,12.35,12.36,0.06,984
1092,Oct 13 2017,12.39,12.46,12.35,12.41,0.06,2111
1093,Oct 12 2017,12.45,12.45,12.45,12.45,0.06,249
1094,Oct 11 2017,12.34,12.34,12.34,12.34,0.06,241
1095,Oct 10 2017,12.45,12.45,12.30,12.30,0.06,2949
1096,Oct 09 2017,12.35,12.35,12.24,12.33,0.06,3686
1097,Oct 06 2017,12.35,12.60,12.35,12.35,0.06,5303
1098,Oct 05 2017,12.35,12.46,12.35,12.45,0.06,1926
1099,Oct 04 2017,12.34,12.50,12.25,12.50,0.06,2008
1100,Oct 03 2017,12.46,12.46,12.34,12.46,0.06,1800
1101,Oct 02 2017,12.37,12.47,12.35,12.46,0.06,1624
1102,Sep 29 2017,12.34,12.46,12.26,12.35,0.06,968
1103,Sep 28 2017,12.44,12.44,12.31,12.31,0.06,1007
1104,Sep 27 2017,12.49,12.49,12.29,12.35,0.06,1574
1105,Sep 26 2017,12.46,12.46,12.34,12.35,0.06,1295
1106,Sep 25 2017,12.46,12.46,12.25,12.32,0.06,1927
1107,Sep 22 2017,12.46,12.46,12.36,12.46,0.06,1739
1108,Sep 21 2017,12.36,12.50,12.30,12.30,0.06,2701
1109,Sep 20 2017,12.39,12.49,12.28,12.46,0.06,2967
1110,Sep 19 2017,12.41,12.42,12.34,12.39,0.06,1181
1111,Sep 18 2017,12.40,12.40,12.23,12.30,0.06,1511
1112,Sep 15 2017,12.40,12.49,12.35,12.35,0.06,608
1113,Sep 14 2017,12.44,12.44,12.35,12.35,0.06,168
1114,Sep 13 2017,12.39,12.46,12.26,12.46,0.06,565
1115,Sep 12 2017,12.31,12.44,12.29,12.38,0.06,2666
1116,Sep 11 2017,12.28,12.31,12.23,12.31,0.06,240
1117,Sep 08 2017,12.33,12.33,12.21,12.31,0.06,289
1118,Sep 07 2017,12.32,12.32,12.32,12.32,0.06,377
1119,Sep 06 2017,12.25,12.33,12.25,12.33,0.06,170
1120,Sep 05 2017,12.32,12.33,12.23,12.33,0.06,231
1121,Sep 04 2017,12.30,12.34,12.20,12.33,0.06,1370
1122,Sep 01 2017,12.46,12.46,12.32,12.35,0.06,718
1123,Aug 31 2017,12.34,12.35,12.26,12.35,0.06,1597
1124,Aug 30 2017,12.35,12.40,12.32,12.32,0.06,118
1125,Aug 29 2017,12.28,12.28,12.20,12.20,0.06,12840
1126,Aug 28 2017,12.14,12.46,12.14,12.20,0.06,2023
1127,Aug 25 2017,12.30,12.30,12.19,12.19,0.06,2713
1128,Aug 24 2017,12.30,12.30,12.30,12.30,0.06,179
1129,Aug 23 2017,12.30,12.30,12.30,12.30,0.06,300
1130,Aug 22 2017,12.30,12.30,12.30,12.30,0.06,225
1131,Aug 21 2017,12.30,12.30,12.30,12.30,0.06,390
1132,Aug 18 2017,12.20,12.30,12.18,12.30,0.06,860
1133,Aug 17 2017,12.32,12.32,12.29,12.30,0.06,250
1134,Aug 16 2017,12.35,12.35,12.29,12.30,0.06,1848
1135,Aug 15 2017,12.53,12.53,12.34,12.34,0.06,960
1136,Aug 14 2017,12.40,12.40,12.35,12.35,0.06,457
1137,Aug 11 2017,12.34,12.49,12.20,12.37,0.06,663
1138,Aug 10 2017,12.29,12.29,12.29,12.29,0.06,28
1139,Aug 09 2017,12.30,12.30,12.30,12.30,0.06,298
1140,Aug 08 2017,12.30,12.30,12.30,12.30,0.06,290
1141,Aug 07 2017,12.30,12.30,12.30,12.30,0.06,231
1142,Aug 04 2017,12.11,12.16,12.08,12.16,0.06,259
1143,Aug 03 2017,12.14,12.14,12.02,12.12,0.06,312
1144,Aug 02 2017,12.30,12.30,12.14,12.14,0.06,30
1145,Aug 01 2017,12.30,12.30,12.21,12.21,0.06,119
1146,Jul 31 2017,12.35,12.35,12.25,12.25,0.06,1251
1147,Jul 28 2017,12.39,12.39,12.37,12.37,0.06,151
1148,Jul 27 2017,12.50,12.50,12.20,12.30,0.06,18617
1149,Jul 26 2017,12.50,12.50,12.50,12.50,0.06,450
1150,Jul 25 2017,12.56,12.56,12.42,12.50,0.06,710
1151,Jul 24 2017,12.60,12.65,12.56,12.64,0.06,2404
1152,Jul 21 2017,12.49,12.49,12.34,12.37,0.06,209
1153,Jul 20 2017,12.64,12.71,12.40,12.40,0.06,1773
1154,Jul 19 2017,12.66,12.68,12.54,12.54,0.06,1597
1155,Jul 18 2017,12.84,12.84,12.64,12.64,0.06,354
1156,Jul 17 2017,12.70,12.72,12.70,12.72,0.06,238
1157,Jul 14 2017,12.84,12.84,12.74,12.74,0.06,131
1158,Jul 13 2017,12.84,12.84,12.75,12.75,0.06,341
1159,Jul 12 2017,12.84,12.84,12.74,12.74,0.06,195
1160,Jul 11 2017,12.74,12.80,12.70,12.70,0.06,746
1161,Jul 10 2017,12.76,12.76,12.72,12.72,0.06,317
1162,Jul 07 2017,12.79,12.79,12.72,12.72,0.06,406
1163,Jul 06 2017,12.79,12.79,12.66,12.75,0.06,139
1164,Jul 05 2017,12.80,12.80,12.70,12.70,0.06,1075
1165,Jul 04 2017,12.75,12.81,12.75,12.81,0.06,1084
1166,Jul 03 2017,12.79,12.80,12.79,12.80,0.06,139
1167,Jun 30 2017,12.78,12.78,12.78,12.78,0.06,271
1168,Jun 29 2017,12.76,12.78,12.76,12.78,0.06,3401
1169,Jun 28 2017,12.77,12.78,12.77,12.78,0.06,191
1170,Jun 27 2017,12.78,12.78,12.78,12.78,0.06,165
1171,Jun 26 2017,12.79,12.79,12.70,12.79,0.06,1449
1172,Jun 23 2017,12.75,12.75,12.75,12.75,0.06,428
1173,Jun 22 2017,12.75,12.75,12.70,12.75,0.06,322
1174,Jun 21 2017,12.74,12.75,12.69,12.75,0.06,338
1175,Jun 20 2017,12.60,12.75,12.60,12.75,0.06,310
1176,Jun 19 2017,12.30,12.61,12.30,12.61,0.06,640
1177,Jun 16 2017,12.43,12.43,12.35,12.40,0.06,1389
1178,Jun 15 2017,12.47,12.47,12.40,12.40,0.06,1309
1179,Jun 14 2017,12.47,12.47,12.44,12.44,0.06,250
1180,Jun 13 2017,12.38,12.47,12.37,12.47,0.06,192
1181,Jun 12 2017,12.33,12.38,12.27,12.38,0.06,870
1182,Jun 09 2017,12.27,12.34,12.17,12.34,0.06,1515
1183,Jun 08 2017,12.50,12.50,12.23,12.27,0.06,152
1184,Jun 07 2017,12.50,12.50,12.20,12.25,0.06,48
1185,Jun 06 2017,12.07,12.20,12.07,12.20,0.06,133
1186,Jun 05 2017,12.09,12.09,12.07,12.07,0.06,157
1187,Jun 02 2017,12.02,12.11,12.02,12.11,0.06,353
1188,Jun 01 2017,12.20,12.20,12.10,12.10,0.06,33
1189,May 31 2017,12.03,12.09,11.99,12.01,0.06,910
1190,May 30 2017,12.08,12.15,12.05,12.05,0.06,188
1191,May 29 2017,12.10,12.10,12.08,12.09,0.06,407
1192,May 26 2017,12.09,12.16,12.03,12.03,0.06,1502
1193,May 25 2017,12.19,12.20,12.09,12.09,0.06,1149
1194,May 24 2017,12.41,12.41,12.14,12.14,0.06,84
1195,May 23 2017,12.82,12.82,12.74,12.74,0.03,38
1196,May 22 2017,12.83,12.83,12.70,12.70,0.03,238
1197,May 19 2017,12.80,12.84,12.80,12.84,0.03,35
1198,May 18 2017,12.89,12.89,12.43,12.75,0.03,3617
1199,May 17 2017,12.77,12.97,12.77,12.77,0.03,299
1200,May 16 2017,12.82,12.82,12.77,12.77,0.03,1333
1201,May 15 2017,12.80,12.82,12.80,12.82,0.03,120
1202,May 12 2017,12.81,12.81,12.77,12.77,0.03,448
1203,May 11 2017,12.80,12.80,12.80,12.80,0.03,1016
1204,May 10 2017,12.84,12.84,12.80,12.82,0.03,161
1205,May 09 2017,12.80,12.94,12.80,12.80,0.03,691
1206,May 08 2017,12.85,12.85,12.80,12.80,0.03,409
1207,May 05 2017,12.76,12.80,12.76,12.80,0.03,827
1208,May 04 2017,12.81,12.81,12.70,12.70,0.03,393
1209,May 03 2017,12.80,12.81,12.79,12.81,0.03,163
1210,May 02 2017,12.72,12.87,12.72,12.87,0.03,90
1211,Apr 28 2017,12.70,12.72,12.70,12.72,0.03,78
1212,Apr 27 2017,12.60,12.70,12.60,12.70,0.03,564
1213,Apr 26 2017,12.76,12.76,12.68,12.69,0.03,911
1214,Apr 25 2017,12.80,12.80,12.77,12.77,0.03,605
1215,Apr 24 2017,12.79,12.80,12.79,12.80,0.03,177
1216,Apr 21 2017,12.79,12.79,12.63,12.78,0.03,265
1217,Apr 20 2017,12.79,12.79,12.70,12.79,0.03,152
1218,Apr 19 2017,12.66,12.70,12.66,12.70,0.03,20
1219,Apr 18 2017,12.55,12.66,12.50,12.50,0.03,1609
1220,Apr 13 2017,12.60,12.67,12.56,12.56,0.03,416
1221,Apr 12 2017,12.66,12.66,12.66,12.66,0.03,93
1222,Apr 11 2017,12.59,12.66,12.59,12.66,0.03,918
1223,Apr 10 2017,12.64,12.64,12.62,12.62,0.03,409
1224,Apr 07 2017,12.64,12.64,12.64,12.64,0.03,30
1225,Apr 06 2017,12.69,12.69,12.64,12.64,0.03,11
1226,Apr 05 2017,12.82,12.82,12.69,12.69,0.03,286
1227,Apr 04 2017,12.76,12.77,12.75,12.75,0.03,638
1228,Apr 03 2017,12.76,12.76,12.76,12.76,0.03,20
1229,Mar 31 2017,12.76,12.76,12.76,12.76,0.03,15
1230,Mar 30 2017,12.76,12.76,12.76,12.76,0.03,150
1231,Mar 29 2017,12.76,12.77,12.76,12.76,0.03,205
1232,Mar 28 2017,12.84,12.86,12.84,12.84,0.03,51
1233,Mar 27 2017,13.00,13.10,12.84,12.84,0.03,176
1234,Mar 24 2017,13.00,13.00,12.93,12.93,0.03,26
1235,Mar 23 2017,12.93,12.93,12.93,12.93,0.03,49
1236,Mar 22 2017,13.02,13.02,13.00,13.00,0.03,59
1237,Mar 21 2017,13.00,13.10,13.00,13.02,0.03,310
1238,Mar 20 2017,13.01,13.01,13.00,13.00,0.03,240
1239,Mar 17 2017,13.00,13.00,13.00,13.00,0.03,20
1240,Mar 16 2017,13.00,13.00,13.00,13.00,0.03,105
1241,Mar 15 2017,13.01,13.01,13.00,13.00,0.03,93
1242,Mar 14 2017,13.01,13.02,13.01,13.01,0.03,58
1243,Mar 13 2017,12.95,13.14,12.95,13.01,0.03,886
1244,Mar 10 2017,12.98,13.20,12.96,13.15,0.03,3100
1245,Mar 09 2017,13.00,13.00,13.00,13.00,0.03,738
1246,Mar 08 2017,13.01,13.01,13.01,13.01,0.03,25
1247,Mar 07 2017,12.97,12.97,12.97,12.97,0.03,10
1248,Mar 06 2017,13.35,13.35,12.99,12.99,0.03,600
1249,Mar 03 2017,13.02,13.02,13.02,13.02,0.03,196
1250,Mar 02 2017,13.00,13.00,13.00,13.00,0.03,409
1251,Mar 01 2017,12.99,13.04,12.98,13.04,0.03,1221
1252,Feb 28 2017,13.04,13.04,13.00,13.00,0.03,595
1253,Feb 27 2017,13.04,13.04,13.04,13.04,0.03,66
1254,Feb 24 2017,13.03,13.03,13.03,13.03,0.03,56
1255,Feb 23 2017,13.03,13.20,13.01,13.20,0.03,781
1256,Feb 22 2017,13.03,13.03,13.00,13.00,0.03,5000
1257,Feb 21 2017,13.40,13.45,13.40,13.45,0.03,101
1258,Feb 20 2017,13.00,13.00,13.00,13.00,0.03,16
1259,Feb 17 2017,13.00,13.12,13.00,13.12,0.03,4958
1260,Feb 16 2017,13.11,13.11,13.00,13.00,0.03,1172
1261,Feb 15 2017,13.12,13.12,13.12,13.12,0.03,115
1262,Feb 14 2017,13.12,13.12,13.12,13.12,0.03,14
1263,Feb 13 2017,13.12,13.12,13.11,13.11,0.03,270
1264,Feb 10 2017,13.20,13.25,13.20,13.25,0.03,120
1265,Feb 09 2017,13.15,13.15,13.12,13.12,0.03,80
1266,Feb 08 2017,12.85,13.14,12.85,13.14,0.03,1770
1267,Feb 07 2017,13.12,13.13,13.00,13.00,0.03,2882
1268,Feb 06 2017,13.12,13.12,13.12,13.12,0.03,76
1269,Feb 03 2017,13.10,13.12,13.10,13.12,0.03,288
1270,Feb 02 2017,13.12,13.12,13.11,13.12,0.03,1034
